c_ACC_mag_iqr,w_EDA_mean,c_ECG_std,c_TEMP_mean,c_EDA_scr_std,label
3.0593374141966554,-0.24235525551319453,-1.979567856579518,-3.4828072333391558,1.9375740333250997,0
-0.027732805619219366,-0.3212775091458661,-1.786943681550819,-3.5607729710921365,-0.1517800007265469,0
-0.5986186439013843,-0.4063911789310144,-1.7140298651628498,-3.6964848464970506,-0.24892009877310134,0
-0.6091593387998759,-0.47775827394276693,-1.2626455215888703,-3.754862350011374,-0.238318115106097,0
-0.37615798440389014,-0.5235279117350763,-1.270796558818553,-3.762758035224109,0.14062190570940136,0
0.10531315424257008,-0.5492915041546814,-1.7644701377284702,-3.7615140855501537,0.18261212550120687,0
-0.5047777674748004,-0.5523862883323654,-1.8289881871521108,-3.796321560050651,-0.20063098346355177,0
-0.6195780594539654,-0.5617236655050334,-1.8426710009995306,-3.8794249110911867,-0.24414073986663384,0
-0.6319794677269239,-0.5836190889730768,-1.8544558438165704,-3.932615679031179,-0.2374702715149245,0
-0.4977069601752774,-0.6015460533101565,-1.8920399377700303,-3.9319409699745735,-0.18764880518706928,0
-0.432177181685339,-0.6132297886293844,-1.8698473506213222,-3.9635930599362577,-0.22797846826556795,0
-0.47482949319322004,-0.6284497682678926,-1.8259335099120004,-4.0204419934679505,-0.20745262380875976,0
-0.5429666707345456,-0.6449541889500714,-1.8416703107598562,-4.050305454281718,-0.21725141091162053,0
-0.6034215491413897,-0.6582332964323453,-1.8679110850993257,-4.025985588007981,-0.20692547599888655,0
-0.6442809018495469,-0.669160976618222,-1.870576034778485,-3.9920160819289636,-0.19238228886878406,0
-0.5526129271197237,-0.6765097830917709,-1.886481476215018,-3.9879230396219776,-0.18820472771246602,0
-0.4843791743319972,-0.6820254653927851,-1.9075836364875605,-4.0021930639305205,-0.2118431078707363,0
-0.5930442790818742,-0.6869192822828645,-1.888867769135016,-4.041200493950399,-0.20056367520916582,0
-0.6410513101171144,-0.6896812076201148,-1.868350193828808,-4.064843801857911,-0.20703270747703423,0
-0.5759148308104943,-0.6936442201113595,-1.8755778558436853,-4.064843801857911,-0.2066475600524847,0
-0.5299428624327605,-0.6983571463879673,-1.8587451191204047,-4.064843801857911,-0.19643077276430698,0
-0.60394767622399,-0.7018141067294873,-1.840303308428694,-4.053972288512262,-0.19488470865758944,0
-0.6427709648967518,-0.7028736578273092,-1.8537475288312821,-4.029453043545138,-0.19794857309870673,0
-0.6005694369752418,-0.7028736578273092,-1.8977350244778766,-4.057811050746523,-0.20228868159037,0
-0.5890444130420583,-0.7028736578273092,-1.896124627182226,-4.064843801857911,-0.19017784367856763,0
-0.627223423880638,-0.7012328722357568,-1.8879541601220224,-4.064843801857911,-0.17707842378083166,0
-0.6315432059561694,-0.7008446714753838,-1.8596280688152902,-4.064843801857911,-0.19037701541186808,0
-0.6217253806590307,-0.7024847476397336,-1.8150353226367917,-4.064843801857911,-0.1904719669810541,0
-0.5913497513106064,-0.7028736578273092,-1.8133033023597624,-4.064843801857911,-0.18863367438394657,0
-0.5376936293312359,-0.7028736578273092,-1.8082122324453935,-4.064843801857911,-0.18769030788160923,0
-0.5263485985378905,-0.7028736578273092,-1.7987403035049774,-4.064843801857911,-0.17147352926902285,0
-0.5839629772125237,-0.7028736578273092,-1.7934301113239448,-4.064843801857911,-0.1882383705719569,0
-0.5710294825483616,-0.7028736578273092,-1.7894288179567748,-4.04192432529378,-0.1254586123511602,0
-0.5051217471330337,-0.7028736578273092,-1.7531313067079235,-3.3031063501259803,-0.0636728525875291,0
-0.5249412227947431,-0.7028736578273092,-1.76338265464402,-1.5295216249208674,-0.17092536725910168,0
-0.481855718046142,-0.698666064756672,-1.7842848127908282,-0.1598622400123444,-0.18139108097355522,0
0.10574567947838101,-0.6991314733004571,-1.8548285439922472,-0.8685668086130742,-0.175596603897731,0
0.8477480235772286,-0.47365285418676917,-2.125970805084936,-1.832552677725024,-0.167550285019771,1
0.8212858870663391,-0.49707932110099207,-2.077421033482355,-1.8430316173129413,0.002926359068020513,1
0.8690859952334021,-0.5122627270454763,-2.0282401213532744,-1.8987377352905133,-0.05841584883390436,1
0.289022987486992,-0.5142950437463681,-2.0815167782408883,-1.9018049886677568,-0.16590218509777552,1
0.20668226145759386,-0.518713251935402,-2.001947725850554,-1.8597447530020392,-0.17905535443651316,1
0.8011680917616019,-0.5107120255758034,-1.9183076960304617,-1.8246165388643554,0.13241751246126784,1
0.8712286017810834,-0.48723479261688535,-2.023462192237234,-1.7948773285406698,0.15328927220725447,1
0.7324468277151913,-0.46870418389306745,-2.06415568098099,-1.8548310795512593,-0.10866403028586638,1
0.08393953368159793,-0.43644940553058553,-2.0396455369699895,-1.98340288609591,0.23748107356480816,1
-0.01993176456860562,-0.39727772780440196,-2.0571128910691545,-2.047009023605639,0.18058595478022707,1
-0.13917345374231843,-0.3722671943904749,-2.0982619403979594,-2.041329620390403,0.6529965336167286,1
-0.18046535538832018,-0.35318993432156687,-2.121297961022282,-2.0344004884086506,1.0128520700559258,1
0.025279154264274812,-0.35496819874611163,-2.0938247069428852,-1.9780326643327377,0.7141402837263326,1
-0.11397626210115065,-0.3602379622502425,-2.079139717513427,-1.899692730336372,0.8074547394335133,1
-0.24174437680601535,-0.354248752200807,-2.0812640061470504,-1.8834433668253687,1.3673499702565783,1
0.07715685314922811,-0.34328851906397206,-1.9995092873129106,-1.9302540165769917,1.493749613262824,1
0.26112514014996446,-0.33147472103355324,-1.9729548497349334,-2.0008543008597943,1.2597933332666706,1
-0.07793410405787157,-0.3219777354290525,-2.0221123542018384,-2.0171990193980696,1.4309669715541298,1
-0.19996770441568537,-0.3074101328521117,-2.0137396511047383,-2.0090808391217,2.0303421259967767,1
-0.8999955631683741,-0.6666185806801721,-2.285313750313711,-1.4754784408279906,0.0070184090975145795,0
-0.8999955631683741,-0.6668258543469588,-2.285313750313711,-1.3243898448889249,0.04083057103189366,0
-0.8695526660773413,-0.6686406956377116,-2.285313750313711,-1.218412845488275,0.04065959346667531,0
-0.8999955631683741,-0.6662486881790521,-2.285313750313711,-1.2882416209140604,0.016265700962573383,0
-0.8999955631683741,-0.6698011407718583,-2.285313750313711,-1.369526002570729,0.001388118370702729,0
-0.8999955631683741,-0.676107383636359,-2.285313750313711,-1.2987191157288374,-0.003438992024470933,0
-0.8999955631683741,-0.6834745158161722,-2.285313750313711,-1.201295173319842,0.0018886385235797184,0
-0.8074178710327493,-0.6744490372789624,-2.285313750313711,-1.1201913883057337,-0.0026763388200465544,0
-0.7805503192109696,-0.6570464143177575,-2.285313750313711,-1.0071378900630021,0.0021511589658454646,0
-0.8999955631683741,-0.6509515340650627,-2.285313750313711,-0.8810438694542784,0.001873429761653746,0
-0.8756929540779214,-0.6510795602342038,-2.285313750313711,-0.7882432010948263,-0.01685041766300239,0
-0.764844304274599,1.5429978659437005,0.14064723062237275,-1.0036935508960927,-0.13678750747908566,0
-0.7729722162988327,1.3200412503840013,0.24548046713063126,-1.2643826372721374,-0.28347434907468416,0
-0.5234806362769874,1.1228751130883674,0.28227232231833066,-1.413097470941391,-0.006791960918039996,0
-0.6172158396611752,0.9382813318095828,0.2423949336121679,-1.5338183802406615,-0.2227641776359958,0
-0.8005897909109585,0.7107393101790889,0.22605041168421183,-1.617472189847721,-0.32328270983180246,0
-0.8034178451694713,0.4990203542694783,0.27816478368904274,-1.6772973560488076,-0.30729522849794433,0
-0.7447214331047973,0.3315787552068974,0.3976418992813746,-1.8307987231324785,-0.3252607963931406,0
-0.6523148391497159,0.20909395671185457,0.4232817062183824,-2.0346547684813756,-0.2500256678549944,0
-0.6050333786705689,0.13630369471106932,0.43188121462443607,-2.1219002841156738,-0.43476172835427074,0
-0.6859092037651893,0.07747973831655632,0.5515325329571066,-2.1643910621772546,-0.4312406027058868,0
-0.7642242799878358,0.04237575039132298,0.39201668829969294,-2.2147269583916542,-0.42978775167103556,0
-0.7610165922132579,0.02016590957382214,0.18530478677343137,-2.195505696530679,-0.44526521236269917,0
-0.6507937492957448,-0.04024793903608716,0.29349940091032733,-2.174549262127985,-0.47113379130808325,0
-0.6527643961002008,-0.11060302491390646,0.4148007186173259,-2.164970416206588,-0.4543994477564927,0
-0.7553054212057381,-0.18298272543016125,0.47542705133500984,-2.2032930237578783,-0.4580185374225413,0
-0.7180135669914778,-0.240966566990734,0.48359923565192175,-2.2312291572022422,-0.4503425222094904,0
-0.6622898753525678,-0.2791635372932084,0.46685743832112747,-2.204307254502497,-0.44856078926959697,0
-0.6848310724530031,-0.3226787515860246,0.4468330224868204,-2.1652290305987347,-0.4091023822016912,0
-0.3446019521985858,-0.3567507836850986,0.4248754989865766,-2.128095471342061,-0.39894412013445624,0
-0.5524048325554599,-0.37874568049519514,0.31942831776140307,-2.088651719833757,-0.47269365778344863,0
-0.784729780084057,-0.40947861791692824,0.2511213341761965,-1.9962165790788466,-0.49048489243249177,0
-0.8098369870140422,-0.44349743028707744,0.29789223208826565,-1.9027542046210537,-0.4453750524523984,0
-0.7751276073374893,-0.46713989120156835,0.313997853765948,-1.8600380419495572,-0.42942852749265165,0
-0.7942233983346022,-0.49042673602848336,0.2723825277547833,-1.861553608973923,-0.459407405334501,0
-0.808127962580674,-0.5128417410104921,0.3183500850449405,-1.86103493541649,-0.47173911425944026,0
-0.3494392780644877,-0.5201311721323003,0.3208863463768394,-1.8414987130108897,-0.4668111774074109,0
-0.7449235762333306,-0.5206900379714136,0.33026416310526363,-1.7997779990331855,-0.4663991882372369,0
-0.6618810314286341,-0.5307636060619875,0.4084752658863646,-1.750194829624977,-0.43758109871326534,0
-0.6703496137716626,-0.5474125149615435,0.30348919629877313,-1.7451858011469252,-0.4576655187451788,0
-0.8668997794800865,-0.5647845786893576,0.26990218863142706,-1.7468501798047609,-0.48670839032225127,0
-0.8429806783275122,-0.5791010537434872,0.40444080206113814,-1.7116829567922838,-0.48286888171992054,0
-0.8237516230928745,-0.5878679168178412,0.3909743100069623,-1.6617458179646571,-0.48033102529408744,0
-0.8622609947703849,-0.5926496525210434,0.31023706082856706,-1.637759694286372,-0.4834358391810872,0
-0.8843685393993825,-0.5980003749160223,0.3070758017534071,-1.6258605427013606,-0.4865037899872407,0
-0.7451662262209515,-0.6023614266959385,0.3968958239427568,-1.588833896657083,-0.42626582835787424,0
-0.7775191838397434,-0.6042655824098744,0.3413655691483449,-1.568021939568437,-0.4314041883844115,0
-0.8372969757073259,-0.6055418265304037,0.2911622551408949,-1.5798618554546886,-0.3894665450961057,0
2.695081820633246,-0.5972505372630724,1.5018872800461034,-1.2750277257712104,-0.023178592352727023,1
2.3214998660549955,-0.5332689382036043,1.270348275589409,-1.2229898867973228,4.199902379253995,1
1.8222013273724316,-0.21539996401778233,1.1246221287180385,-1.0857624443680431,4.251078109558661,1
1.2832034747514844,0.30072692750559243,0.8103272942548245,-0.4941480701645521,5.018559891152029,1
2.151846010366739,0.5937314981000215,0.909160918588595,0.16777763369364523,5.018559891152029,1
2.9551821486868155,0.7314548461979955,1.0409845952825134,0.188648826481051,4.203371659392325,1
2.157751243203251,0.8297561979538638,0.8812239008648501,-0.07689180810073305,3.4724311526900977,1
1.774615935131933,0.9215590867770386,0.8175238139292285,-0.21426661739034183,5.018559891152029,1
0.6627563105946099,1.0606340707036839,0.6938147090473369,-0.6549802161630297,5.018559891152029,1
0.14304168751002164,1.0499607536681737,0.5328917911946093,-0.7667825408661038,5.018559891152029,1
0.14314232685808942,0.8854258314514829,0.6701963120332672,-0.6623716755497366,1.6885533332766576,1
0.30803693707296703,0.6778241513351148,0.9072346548201811,-1.006843156342344,-0.04382311616130396,1
0.37394083205893003,0.48087199528907787,1.035626560063218,-1.2370388608153715,0.10087189534691149,1
0.1388219572448113,0.32727086288441254,1.083258951412494,-1.3626850017505459,0.05504818548935531,1
0.28275402258924426,0.21870880798053474,0.9982842851224962,-1.4297557052511507,0.321928986846459,1
0.41284709747108805,0.13891766780614764,0.8114199954376868,-1.4731205710627238,0.27603811521905125,1
0.028537091206914812,0.06744074227197926,0.693861825132875,-1.4882820203989438,-0.3267590419952248,1
0.15928012215825646,0.0015286393392828896,0.6900854953346657,-1.4725484408990928,-0.3031296870933862,1
0.35664917743128943,-0.05932414911213156,0.6880558944009344,-1.4440734070733292,-0.29846938568226516,1
0.1792226512741185,-0.11586244234031859,0.5973743070972145,-1.419952919492979,-0.3545347187302202,1
-0.2571628067887431,-0.5908423324782661,0.29494243082826144,-0.4666655954862999,0.18424792375829055,0
-0.22801220465941904,-0.5953686756574327,0.18237590945373372,-0.48226625585722654,-0.32317031606292823,0
-0.022628336468199964,-0.5941168636971335,0.11327609408745068,-0.48723338591420434,-0.319477765048278,0
0.048253803033835994,-0.5982483001192085,0.08477198862104131,-0.48019734072005604,-0.30791221990875234,0
-0.09435516410738644,-0.5954601550961128,0.1129167881442267,-0.4545179429211256,-0.35630243455018173,0
-0.09987906804399292,-0.5903573563182282,0.13422125251518918,-0.44050364345844834,-0.3442439524815993,0
0.01873986718285271,-0.5940315192620739,0.140362331586295,-0.44459524099229386,-0.3617554012296769,0
0.05639997593137712,-0.5998943479197091,0.16802538264655234,-0.45688159177895443,-0.39327054224761077,0
0.5409424538231493,-0.6032088549998099,0.18710419583868612,-0.45246636506164084,-0.36427649277489127,0
0.10517965653505615,-0.6046354431891555,0.08692414570114392,-0.3898701239771094,-0.3803611238797241,0
-0.1633777516128575,-0.6069013595108395,0.022784042512582776,-0.3296548690280926,-0.4759054860134086,0
0.1335000248842074,-0.6711527528091502,-0.43238595607608465,-0.8014917707930479,-0.1713007049107685,0
-0.4608995245086041,-0.675009644647025,-0.5024412623394466,-0.7834956765552017,-0.1631637141730374,0
-0.5847434339254445,-0.6778683311091126,-0.538728284875827,-0.7806119093667993,-0.16239565493871652,0
-0.6616317861759782,-0.6808548803728716,-0.5923249163161638,-0.7829033195676041,-0.18226781724535857,0
-0.737733317021799,-0.6836425654293049,-0.6035178382841105,-0.7798519586949056,-0.18742988066201569,0
-0.692450069707921,-0.6855659461636348,-0.5770552871873553,-0.7813082900205117,-0.18517046612573732,0
-0.7091700137490415,-0.6872640954982432,-0.6041427503334805,-0.7774507457354243,-0.18065988379144332,0
-0.6980983415841562,-0.6889947438566839,-0.5968947453283048,-0.7671870773454388,-0.1804709900661064,0
-0.6970708161378504,-0.6904312260875457,-0.5973249723511982,-0.7568020480116527,-0.16855356565193416,0
-0.7526698674581923,-0.6915045281583738,-0.6165490033693926,-0.741770628258076,-0.17557939078244147,0
-0.7776788985707237,-0.69249666356031,-0.5665863332510734,-0.7228874433119737,-0.17242889451366666,0
-0.5895974568765919,-0.6943368188784108,-0.4747238676560152,-0.7259359146383911,-0.1849370257065077,0
-0.5042038918793631,-0.6958219528934129,-0.4609074743389678,-0.7483501251398319,-0.18140523633302957,0
-0.5381709360708057,-0.6962479946352692,-0.561133229318845,-0.7788637338668158,-0.18217789011326543,0
-0.6473116102960199,-0.6967491124529713,-0.6551807621942863,-0.790690646794803,-0.17290801071853573,0
-0.765104930385291,-0.697033156141795,-0.6488446148200209,-0.7713306867123416,-0.1863525105526512,0
-0.7271368578667168,-0.6970838904646514,-0.6218709498084029,-0.7563310519678555,-0.1847671806566261,0
-0.6336917965167976,-0.6976743258777206,-0.5515129292322845,-0.7543719395893617,-0.18128799282561836,0
-0.2825399252109481,-0.6990154126089047,-0.4238057708591969,-0.7490927385340398,-0.17589872265684545,0
-0.31668495493351145,-0.6994455163322171,-0.5297591980015125,-0.7258318909722765,-0.18416454667883259,0
-0.7664499594911267,-0.6988186198376515,-0.6998611695614166,-0.7067377691476638,-0.1740771783635178,0
-0.7573966276386725,-0.69852649659649,-0.6705098803654413,-0.6973496332808106,-0.18837354006182871,0
-0.6208220645195601,-0.6986563309104417,-0.6367630969106017,-0.698855086893193,-0.1892074515016127,0
-0.6920936312587468,-0.6986887886958836,-0.6624561653486856,-0.6976992683808072,-0.18187838513458734,0
-0.7166832039510246,-0.6986847283005195,-0.643240334292546,-0.6869963889561151,-0.1824595256898552,0
-0.6750413203227725,-0.6988307899211003,-0.6165134810288537,-0.6848899097172921,-0.1843418999769584,0
-0.7363325717279572,-0.6986745915869367,-0.6927911719321473,-0.6858232331660435,-0.18645516382679622,0
-0.8469301320286675,-0.6986401020177208,-0.7186885471601897,-0.6790385784983393,-0.19204978130896258,0
-0.7646869636766976,-0.6991655647605963,-0.5741711397470891,-0.6782901860115694,-0.1905553848749187,0
-0.3684514398746822,-0.7016712617033591,-0.4149746048548623,-0.6966070198866027,-0.17698651419666578,0
3.701661494017176,-0.7028736578273092,-0.3805715837745759,-0.6852308761784459,-0.090960051140892,0
3.701661494017176,-0.7023651563075247,-0.5033699359150131,-0.6489699598986238,-0.1800366822755916,0
-0.735242109205411,-0.701030131619732,-0.5992778119186368,-0.6331063508161293,-0.19805364021040617,0
-0.8368421271418617,-0.7012330514641459,-0.6333915114322504,-0.6227848915005246,-0.18048082364346718,0
-0.8197289559515948,-0.7005878689156144,-0.6558520797175773,-0.6107730476105556,-0.1954839621917433,0
-0.7954384421421744,-0.6998837630515449,-0.631300678119117,-0.6052915783155662,-0.18961916449344757,0
-0.8214680129687512,-0.6990438052407066,-0.6069011967662269,-0.6098368346155232,-0.18436480844261277,0
-0.8999955631683741,-0.6805648016042196,-0.8150450532316317,-0.850651621671095,-0.198370843629226,0
-0.5782954429353098,-0.6798668291576786,-0.6305444217335491,-0.8361432097943728,-0.19641302794413218,0
2.3502302656310903,-0.6789335330084078,-0.39189839181740443,-0.7134241792418154,-0.19116676374079875,0
-0.3927290772612983,-0.6779130002163938,-0.557319539426925,-0.6183898916071777,-0.19652013875738597,0
-0.7513633183411441,-0.6756933739879527,-0.6549157313365672,-0.617395887686526,-0.2120088239588749,0
-0.6590018756024696,-0.6756284425561494,-0.602886868364242,-0.606528304123819,-0.19913654804217507,0
-0.7475546557809256,-0.6774585087434255,-0.6673949410461193,-0.6030059472073234,-0.17890519198080942,0
-0.8585633967364795,-0.6781706513353505,-0.6849184604391533,-0.6025782943577407,-0.204897073871576,0
-0.8547370095412737,-0.6791424768300064,-0.6192875302122247,-0.6043582548668147,-0.21030421045603465,0
-0.8655336642149263,-0.6791627740485512,-0.6237755117868163,-0.6071033238337309,-0.20548143291792573,0
-0.847653802677603,-0.6786657372454082,-0.6172578955056544,-0.6079499608940534,-0.20342162555426324,0
0.9715886206965189,0.018756633577991937,-0.07173887602739394,-0.36633765906493543,2.561109102445855,1
0.7878291243596436,0.10883378299727738,-0.2440282449420237,-0.2763080655889281,2.2979561211955284,1
0.2914150923632827,0.174585682713664,-0.34842868320370374,-0.19254589799633254,2.9423833112350493,1
0.5452056184711702,0.20801105244042725,-0.251779568403069,-0.11970621534578234,3.176446015223484,1
1.4793240547569912,0.24520791247069562,-0.18740363021869708,-0.09463073271957341,2.3938189464469155,1
1.5154000251816393,0.2510687283776601,-0.19831362005875772,-0.10468057468476753,2.0122558811242874,1
1.418519561054892,0.22574292112462865,-0.21579395368578852,-0.10307109740627038,1.8966857888451012,1
0.4548015791964987,0.18368333160628708,-0.3054396899593478,-0.0907934152584527,1.4809639231640226,1
-0.22524232295455276,0.16219738949416404,-0.396312705681115,-0.09475787275593585,1.8499767655919015,1
0.014288032525983456,0.18781819240085873,-0.1606638916342671,-0.11147967708387674,2.752637705168096,1
0.19702577289347756,0.2750342302234815,0.0708301598566152,-0.1155308209697888,2.938528510013623,1
0.2378648967407868,0.30047164918017655,0.05028766088808952,-0.09501793192122264,2.3510478333887854,1
0.7616889259048097,0.24889699895359646,0.07451037408400002,-0.06599821862149732,1.207317680017358,1
0.6974341804996302,0.17389789139128004,0.13506209866640298,-0.05261672979435126,0.6133830948550454,1
0.5926722050185212,0.11266815708789248,0.18411455300061375,-0.051770092734028696,1.2294477432231916,1
0.4277525103705831,0.09023879638774297,0.16500344568151404,-0.0509985838770112,1.5683103057906933,1
0.15612587536612058,0.05535361777596944,0.07562825652884174,-0.05023285411255564,1.787073961659265,1
0.2783802648459191,0.05169308887843236,0.08496073846541925,-0.05160827814229469,2.6783806870891853,1
0.4885076475680931,0.07624269921657802,0.1255545454377111,-0.053070388560462665,2.0136501157190585,1
0.46595155958268686,0.08109986786631258,0.05513207380920354,-0.04550266685061694,1.9791455950613266,1
-0.3865802227562292,-0.2707310382605382,-0.33044442456156664,0.45868270552973467,0.31955495500585707,0
-0.4102252515902093,-0.31471211947771005,-0.31660482517759514,0.5130784142688892,1.24289200775427,0
-0.4876801428460856,-0.33545374512292336,-0.3525292293838294,0.53021920280757,0.9328179915082997,0
-0.6891577593738161,-0.34290246904426847,-0.4450808042975124,0.5348453664033939,-0.3112165385631564,0
-0.7328869193724045,-0.36290978804879975,-0.4389072942792682,0.5558465887734431,-0.27984163534758644,0
-0.7439135378904203,-0.37632845576079593,-0.44785529870201324,0.5787549116889287,-0.32840492530329407,0
-0.8533314177338243,-0.38769631611207417,-0.49118226834714623,0.6074770017217147,-0.33322417608413724,0
-0.8375262113284624,-0.40488198390129604,-0.4764723116085222,0.6289810051446516,-0.3747744331357617,0
-0.7952961970794016,-0.4175562050868435,-0.4496463953453452,0.6392388944420752,-0.4096686505199448,0
-0.8366961737505395,-0.4308734438054256,-0.4494583102527512,0.6399612810123163,-0.38628804371147174,0
-0.8428938074948836,-0.44399798980041705,-0.49917745004582426,0.6386552060933204,-0.40622251621301037,0
-0.8768479546683166,-0.4499050688370614,-0.5462763913028739,0.6496268133221421,-0.3851874644067233,0
-0.8999955631683741,-0.4500024659847665,-0.5496789528014965,0.6596766552873363,-0.34586160286068635,0
-0.8999955631683741,-0.45092135090267865,-0.5351542715826993,0.6651783514062924,-0.3779119325800382,0
-0.8774543926486706,-0.45145684884925297,-0.501365193328984,0.675520037545864,-0.40635598783134935,0
-0.8317607578097764,-0.4501850410278774,-0.48153290183318803,0.6840904318152043,-0.4062371151811664,0
-0.8711734093718965,-0.45051162370250797,-0.5213682120823286,0.6930162402771034,-0.41139421902151124,0
-0.889181351874879,-0.4517123936381147,-0.5481569618034023,0.7069843069992852,-0.4122018377486419,0
-0.8318686511301797,-0.4570230529368037,-0.5150822468787241,0.7247232316181256,-0.4061130728228025,0
-0.8358440568997361,-0.4566599869753896,-0.5255961551425055,0.7462734677815579,-0.3594762296052494,0
-0.8999955631683741,-0.44891914298506697,-0.5617141413144545,0.7574386746112043,-0.37765999749663487,0
-0.78816330829271,-0.44941412579914863,-0.4971820881115692,0.7592388619442452,-0.3931207861685257,0
-0.7020388106904794,-0.45281393924810254,-0.4241177950983097,0.7576409428508718,-0.3948860418459858,0
-0.8519848710225123,-0.4561386686907509,-0.48754592326099555,0.7466606669832072,-0.41127384329917105,0
-0.882374092195824,-0.4609077109001644,-0.5119528920113945,0.7363045331122308,-0.4015212900386361,0
-0.777650894383979,-0.46184892323430343,-0.4761275120040717,0.7274596319461988,-0.36232635179095474,0
-0.6127241792094701,-0.4554834493524287,-0.4160842841864968,0.7282109139792495,-0.3401345959453388,0
-0.6294958099789575,-0.4518382230699201,-0.3919211815755136,0.7479436255319554,-0.38392070913528226,0
-0.7678504699360612,-0.45855261497311206,-0.4503228251915388,0.7695111989730735,-0.3957681815995558,0
-0.7620587023834888,-0.4666322069632382,-0.43011061064433675,0.7789513466729842,-0.3757537735388291,0
-0.7062240833446353,-0.4796405177965639,-0.3684439231394086,0.7785121356382776,-0.38069024722051187,0
-0.6552349282233279,-0.4850454750193088,-0.3966939406445267,0.7709241871044651,-0.39940737829307266,0
-0.7763820784506043,-0.4633600897763021,-0.48436065208584683,0.7718950746548692,-0.3963363502262038,0
-0.8379569971970663,-0.44498973978201184,-0.5080214126500032,0.7733080627862607,-0.4017939453161713,0
-0.8181811138114005,-0.4442026400711365,-0.5121446384350267,0.7694620766862971,-0.3409313828761613,0
-0.7720373822359419,-0.44590664367109223,-0.4984517517115004,0.7738079542928675,-0.40130764915790507,0
-0.766607061531315,-0.4475984993928862,-0.535092516669986,0.781234088234946,-0.39288361567915403,0
-0.7571787935786563,-0.4485235557945335,-0.5283307747242649,0.7873454786191857,-0.36182529703428773,0
-0.7140346917105729,-0.4477080745544997,-0.47142535653330897,0.7930812279869,-0.34737743131114845,0
-0.730101939506698,-0.15113116970480756,-0.4049352840378603,0.8628406543019421,0.3901542903285641,0
-0.7707487393870063,-0.17827211484778455,-0.4058498192355847,0.8598904275490775,2.4868128173513853,0
-0.7182962957345941,-0.185664486508625,-0.4023165400867401,0.858390753029257,2.5542496085274267,0
-0.7302174540485068,-0.20088043430142397,-0.41888031767609496,0.8654990368804294,0.6317183036418752,0
-0.7774254852341934,-0.22501174778465202,-0.42339754969339444,0.8718358118745843,1.0541084466893442,0
-0.8253814013456365,-0.24783872111474145,-0.42248642930754704,0.870801354305999,1.0017541732607242,0
-0.8317935117709824,-0.26998815244855756,-0.4336223345884761,0.8699604963382385,-0.009448657327824317,0
-0.7626473656813326,-0.28258324667944656,-0.3822748324161248,0.8715179617836782,1.419193964746003,0
-0.7404434845283684,-0.2929814402071981,-0.3806120822436824,0.8762048058514025,1.7314493392364247,0
-0.7844087345297538,-0.3071019694631701,-0.43452558197272095,0.8837494111910005,1.024344551811078,0
-0.7727730727197138,-0.31776188560788604,-0.4536407205183031,0.889467823281029,0.6811274470812528,0
0.39657404602704227,0.20082732641590095,0.6541023438088834,0.6768521183813886,2.015970511660187,1
0.3597879106891104,0.263017770881635,0.7128681534993919,0.682411605425964,4.635140681902323,1
0.18787630793349008,0.30545040763796316,0.585503227308646,0.7736663665251003,4.945257971060685,1
0.18347291313931968,0.36084026403407443,0.5626638889086796,0.9131794400626227,5.018559891152029,1
0.31159469193979294,0.4384385797616077,0.6620383400146348,1.05019016652083,5.018559891152029,1
0.23176584947560325,0.5089605034783179,0.6402528951818417,1.0439111824522944,3.7361208004515944,1
0.07521982860257403,0.6101451895650074,0.5831026992895905,0.9149333946551681,4.310448489322191,1
0.08347927472143056,0.6759543123063735,0.5478315917087652,0.9203368462005715,4.792594868222806,1
0.2203903377380085,0.6545919362728583,0.8945866310638348,0.9071373987891261,2.8726328839830177,1
-0.008223520920316384,0.6082990213723654,0.7274298484614926,0.7256565550668771,2.578680584151563,1
-0.1535012252911381,0.5772301718832158,0.26311930342891704,0.5803788366988307,2.294103759385083,1
-0.025516177467849833,0.5725179228678661,0.4424568806971986,0.5258068656365373,1.2380947460255582,1
-0.19562899226265776,0.6068993491632265,0.4015767907609439,0.5166961262126566,2.7013903128995342,1
-0.1467675372598296,0.6674862959169106,0.28933724675644196,0.5336317569653889,4.852217066952574,1
-0.06151545389563091,0.7367720497120254,0.49183277269976844,0.5563811548354215,5.018559891152029,1
-0.14615825395473908,0.8109193434262586,0.5227947227429195,0.619780689786061,5.018559891152029,1
-0.17257523521786666,0.8294854901260642,0.3417160248112815,0.6912680647771199,4.65784166367697,1
-0.12463593057045913,0.8352296505569993,0.39790318493249405,0.6934670094969339,5.018559891152029,1
-0.0664807355387339,0.8764167657936583,0.4160223889446369,0.7201953125958543,5.018559891152029,1
-0.08840428745834991,0.8921007534567696,0.4083327522947807,0.7243735965181288,4.0843558817414145,1
-0.4780137889461799,0.15869714787580946,0.37591295566420546,-0.14711934091329146,-0.22994363411307803,0
-0.38868234193003515,0.07357750962669407,0.48878359081762124,-0.15499913362148132,-0.27188580271758916,0
-0.2609593782074231,-0.027376379463659693,0.5384625537018626,-0.14719157957031556,-0.24000916420978236,0
-0.5136970486578504,-0.11827567646739914,0.4156240855706956,-0.14881550458021756,-0.3488928132270568,0
-0.6562479794435506,-0.20367579287065884,0.39270049814581853,-0.14745452828188332,-0.42322908680396504,0
-0.5999990180289541,-0.2829118658961269,0.46022714174495827,-0.13413660947291847,-0.42057881375198347,0
-0.5554071585543646,-0.35020100433380724,0.42435900080418865,-0.16787495184945864,-0.4655636226672212,0
-0.6008291985718821,-0.39294051498633054,0.3995086087191383,-0.2289859661455744,-0.45992337890156393,0
-0.6545188786142021,-0.425230081103313,0.4025743013451312,-0.2563181844172165,-0.46045748338557396,0
-0.6869892401516713,-0.4556193726733346,0.363660524968901,-0.23830186335540357,-0.49262969869334167,0
-0.6043035217395832,-0.481454618382381,0.36754723048165217,-0.19368148968475155,-0.49117923658870843,0
-0.5320939239384392,-0.5037419937182335,0.4168300969209486,-0.12844420329941864,-0.48099590470462256,0
-0.6434169592853847,-0.5258143663612798,0.41743059430423124,-0.0752649935445501,-0.4987267093420635,0
-0.5980421126552787,-0.5377456240163413,0.4024745683423112,-0.034643751926752786,-0.5101019425124166,0
-0.4887536195566803,-0.5394546000145262,0.408154187847601,-0.010417795907147386,-0.5316542374783414,0
-0.5029123285678656,-0.5402573544528405,0.4159372075985839,-0.01226710552696459,-0.5263090681926504,0
-0.5732997661942321,-0.545606551027374,0.4095239759930594,-0.023900418854127203,-0.532044429070222,0
-0.5744579698428928,-0.5570210313790186,0.411681109433832,-0.017890162589721283,-0.5181235983884857,0
-0.48364148033433757,-0.5698534763381358,0.4623898578945376,0.024476364981778524,-0.5226401623776548,0
-0.25871092535088736,-0.5829557091917278,0.5636080143008385,0.029299017724708082,-0.5086790341836198,0
-0.22260891590089646,-0.5931936741256986,0.4885135651311753,0.03312188745442396,-0.5252924863674667,0
-0.29014211060467837,-0.597325751328917,0.431866150690434,0.06508604841445198,-0.47230449459163293,0
1.5314647328081759,-0.5961775904768386,0.7395537124693244,0.055703691640160626,-0.20834406403348435,0
0.1366859632751656,-0.5994516649012277,0.7477667841828239,0.0664556933516291,-0.2095041101851531,0
-0.37451630433053457,-0.6075109929807397,0.508221770229648,0.1083107712313982,-0.5137260532297475,0
-0.4364339842186568,-0.6157893667014107,0.4530023039231042,0.12962984369235345,-0.5005676659163892,0
-0.5650683303596998,-0.624033244508498,0.46549059849525753,0.14102621422447698,-0.46093923065918346,0
-0.33650499429952657,-0.6293094538902695,0.6214774500144861,0.13226799944687392,-0.09592051222578747,0
-0.2508079717993335,-0.6385839044513453,0.6176264773120318,0.025756433984245746,-0.12329366763997852,0
-0.3532265676178901,-0.6484810039527737,0.600200983941183,-0.08604878026510919,-0.49515215078231894,0
0.04683220813350183,-0.6531324009647876,0.6800617471148304,-0.11728477556233419,-0.3589353912757587,0
0.011286211434867013,-0.655201560995333,0.7641519112744138,-0.10018444067158695,-0.36429242548606744,0
-0.3403087596648669,-0.6563517726642887,0.6764703590742424,-0.02544054702188122,-0.4214707194413965,0
-0.5172411435990959,-0.6586439292910132,0.5344744879787479,0.05850655153269608,-0.4657008403964393,0
-0.5779762000340872,-0.6619483583429329,0.5630773939541156,0.08170671862255913,-0.5021288386789051,0
-0.4259186517420827,-0.6638552342045444,0.5994384782507216,0.04118661112459556,-0.516224325117594,0
-0.2292805942519693,-0.6633825724623218,0.6467290709869213,0.038490664444455785,-0.5019570680012313,0
-0.3885021302233851,-0.6632689733854588,0.5190252458434965,0.09009507147619873,-0.5023391463234487,0
1.0696608927186142,2.392820136097313,1.2836837885073233,-0.011374235726146596,2.604780184412382,1
0.7647034668781039,2.3687755231577525,1.1448018430799574,0.05519802104099186,3.0257853335172835,1
0.6597904261617398,2.4956166072264345,1.1700730598385691,0.09626714233233866,3.5379271978986404,1
0.8864283742813213,2.6736224858480786,1.139966470956886,0.21931269161464503,4.3963068953900795,1
1.056261379321564,2.688572388923379,1.0024139287185716,0.3511309034059593,3.5645101535667454,1
0.9914633490921283,2.726315897126554,0.9386849672489312,0.3694564059198354,2.150317188962478,1
0.7499885253193753,2.7711885808941936,0.849423201842983,0.32724591384750773,1.859584674761998,1
0.22508939357212424,2.7224507988489868,0.81261532767934,0.27522830169758683,1.911215706037107,1
0.2987867871964159,2.645254852441118,0.9263846049576135,0.21379076867172211,2.6517769148914594,1
0.451136621714859,2.6876608745747084,0.8821267849612869,0.14578240740294435,2.875483967338593,1
-0.178068589565135,2.713431731295395,0.6676863140051766,0.08877165927951704,1.3259619179262354,1
-0.2269353018625509,2.667296006036527,0.848053491553639,0.024944471479294753,0.96844077244344,1
0.08543254590563833,2.5885187735481243,1.0624367425379,-0.02658769689542408,1.892858006838328,1
0.06794140558264526,2.528387012975678,0.9522196186920072,-0.051388672624941394,2.194782132365352,1
0.03370114583999752,2.577231976769762,0.9135780173824133,-0.06669459927520974,2.313493485582562,1
0.07054452206316865,2.6037204369969196,0.9924613581375977,-0.06958414555617412,2.9764350346456094,1
0.06435363147030174,2.6093539579985503,1.0106669282094491,-0.08506055543701936,3.4386453153869216,1
0.1566707684688852,2.6189752139064804,1.0497296020897682,-0.08178958904696769,2.4751131836652784,1
0.25117095380824334,2.541211562369122,1.0238308355353445,-0.09548025932617694,1.1592974118295958,1
0.13270858016444398,2.4194426369542454,0.8316057330287931,-0.11683978543506567,0.6080310167257741,1
0.1919324892642325,2.2996654385614463,0.7465518528069361,-0.11950105755983387,0.41281863117212864,1
-0.5870696697214182,0.08040962127360672,0.3188095174940953,0.3204554800872414,-0.248752801135043,0
-0.3132290314703037,0.01446803289176227,0.4203002800685277,0.3433984775580986,-0.3320355949187787,0
0.014670606216822661,0.033272581898751714,0.5812293877560218,0.37528751031482155,-0.3439059022625533,0
-0.2916458258428206,0.05620501765405638,0.49877112074574126,0.3903911687254224,-0.3254767670949635,0
-0.2682718391492338,0.03692999095344457,0.4968389933692408,0.3734410902412853,-0.234753920320292,0
-0.31165064025326633,0.02898223016702135,0.49185881114017294,0.3711699068644473,-0.353990082749679,0
-0.492506785361497,0.013287557002516487,0.40162094644061597,0.3665813073702759,-0.4596703546808225,0
-0.4705081347923256,-0.03606029944614984,0.44134865614848,0.3536361400315554,-0.4167306853977437,0
-0.357546448944138,-0.06597896264381466,0.4763489024580029,0.3363335369011407,-0.41972964397371715,0
-0.4922193591524624,-0.07553939509806365,0.37411047332640346,0.32578958252190166,-0.43648657395866713,0
-0.4957678684627567,-0.11580174418790075,0.3917832814941001,0.3174936951492529,-0.4428134871862745,0
0.08029469314501272,1.5352781264927196,0.01904519589898655,0.34934805335060426,-0.024769509267326878,0
-0.2971512978624745,1.4298827104896434,-0.021884967194565754,0.3877963561651164,-0.2887579753954886,0
-0.556844604104744,1.3491599427347047,0.001432590085265056,0.41363178946321894,-0.32767296942008806,0
-0.7186225858133996,1.2946159682028244,0.10285422666401146,0.4251813059482336,-0.30612004218855016,0
-0.6906963131302278,1.2218904330279823,0.10773554933451904,0.44816764661330527,-0.2933816098525893,0
-0.7705527764656892,1.1057787771693401,0.0575134575791358,0.47396551580975527,-0.33727624043811033,0
-0.7368827090685982,1.0110729181971376,0.03455458528563342,0.48596869106088136,-0.36535796975333534,0
-0.6122669216037361,1.0368981778713355,0.041559455209069326,0.49218988420379767,-0.37385113979150064,0
-0.5868367862648463,1.1156643457823712,-0.009346707589014175,0.5030459095813808,-0.3642966359261085,0
-0.42470363359865193,1.1346660190538291,-0.06945869532174068,0.5192302583010624,-0.36380695511255684,0
-0.31018507995515154,1.1200429381530417,-0.028383530864233883,0.5315021613563181,-0.3209645689683212,0
-0.6529511512245407,1.0898248826548584,-0.10676449912120407,0.5211720334018705,-0.38095282604819103,0
-0.551580978049164,1.060866855073219,-0.06923935713819837,0.5056667280582156,-0.3974971869237251,0
-0.213194464500774,1.0644176422694887,-0.039863668722214994,0.5272834237861102,-0.3768517426506814,0
-0.4128642122893518,1.0638840159114027,-0.17900511331339444,0.5514082456858818,-0.4012539275786629,0
-0.7036388157783394,1.0471406108262986,-0.20579435347642053,0.5566614408246751,-0.36302569384007344,0
-0.5241920431291236,1.0212220350189551,0.05935363747334017,0.5638708587956811,-0.30951587624637134,0
-0.04082557580335785,1.0092184008165281,-0.004018212302338475,0.5628103953105672,-0.33376191226987495,0
-0.13608791259445568,1.0338647754516952,-0.23945689714374835,0.5501455139611003,-0.3734344136015701,0
-0.22189590190573044,1.0553499736866994,-0.08163770265620365,0.5406071216876369,-0.3677504247814778,0
-0.219539697878823,1.0563299976905884,-0.00342031010906874,0.5406562439744133,-0.3907865520408811,0
-0.44231263196522386,1.048822662913817,-0.012525445136428974,0.5590106419510991,-0.37355888723743524,0
-0.6969469624826848,1.0478812047354271,0.03038643238576919,0.5785757598195089,-0.36440408958712767,0
-0.6282127434113655,1.0519960347748998,0.07371862868528431,0.5808151581872563,-0.3011357463672695,0
-0.5091565352404506,0.9681822831185639,-0.05291081792844775,0.5887585209136273,-0.3173155813116505,0
-0.7262727879477777,0.849190403255393,-0.13663951253905904,0.6258516265223673,-0.3400250385296504,0
-0.6633239849131366,0.8424427652790653,-0.048258480925332845,0.6397705709577727,-0.36950521108004575,0
-0.5977123786169511,0.8752477954153393,-0.010546436504824442,0.6254702064132799,-0.32971373790914776,0
-0.49714818548847034,0.8750509709222474,-0.021312367528131298,0.6135306011803351,-0.32082689694637556,0
-0.4362545866193233,0.8912729086300705,-0.07595109072619734,0.581086775537667,-0.3145280723234835,0
-0.4689485782708763,0.9143407189184701,-0.04865295482517743,0.5498363325090372,-0.32421303937363666,0
-0.5183076540223918,0.918100470555534,0.037607050279255524,0.5581033244188762,-0.3619508292448602,0
-0.5303871182751664,0.9272269704605296,0.13013220625311664,0.5835400003302057,-0.3356816943177262,0
-0.5438154208931343,0.9247536091741293,0.22717466407158188,0.5902408581557621,-0.3313404849552406,0
-0.5674387998533509,0.8866163298556917,0.03439985662193262,0.5832914993500428,-0.3577652600982241,0
-0.5746613374404282,0.8510944447707091,-0.21012936784960115,0.6015014200126804,-0.3728498121475498,0
-0.5497914717189094,0.844483941889529,-0.08913441162386421,0.6292526224950623,-0.36724317141057705,0
-0.4612595527690923,0.8028269136079774,-0.05274425019967848,0.6257100387546,-0.37061416347273046,0
-0.702019979608996,0.7394435678087466,-0.0979631995004692,0.6340666065991489,-0.35162950882520905,0
-0.5675605133567693,1.015807474009519,-0.25750280882534304,0.4997749431913292,-0.1043352644902689,0
-0.4510913923835265,1.018974769552383,-0.21373699553737524,0.509443365047436,0.023437319633718645,0
-0.5573501916109016,1.0190640506676356,-0.20814986907913247,0.5245903666522513,-0.16576244810895432,0
-0.6628691200151929,0.9946327310663091,-0.2668377663510794,0.5185194299159451,-0.3512614106173718,0
-0.6625514509696665,0.9626697127299344,-0.2702316332131272,0.5098190060639614,-0.3879571467331158,0
-0.6759456311201563,0.941129732465446,-0.26231610285336754,0.5040341344094706,-0.3912993226239096,0
-0.6822192625028259,0.9241063472590656,-0.3082214795368536,0.500113020106202,-0.36861456390522435,0
-0.6797724831781342,0.9072513669504129,-0.25380697771227745,0.49906122525993096,-0.36696302129746944,0
-0.6718044954340342,0.8960329719730169,-0.2670720571387255,0.5059643513251549,-0.38282578843219495,0
-0.6159046870725003,0.8945233835924972,-0.3299701157493734,0.5145174083168095,-0.389736393929496,0
-0.6646299391574593,0.8915711779774959,-0.35893381309364125,0.5028494204342753,-0.4054883185888674,0
2.7998398004653082,1.654425168972018,0.9119570512236246,0.7446639905030608,0.8140027789148467,1
2.5322015103515847,1.683947913485934,0.68287880027809,0.7500212093079688,0.7976426978043014,1
3.079116300936352,1.7153461768238254,0.6201338508011458,0.765659433780548,1.8432797626075772,1
2.3475387888670585,1.7579777333006974,0.6213950665089121,0.7931332398199573,2.0189023395495282,1
1.9737325726338888,1.7706760884611903,0.5513690796569265,0.8476907631508459,1.4796492390774802,1
2.598534493207994,1.7727105844524065,0.48427670324627586,0.8793428531125298,1.3245449709725463,1
2.646652065124392,1.8069939981963894,0.5205469151017125,0.8708331393150897,1.7357470396157748,1
2.1937620835874196,1.8072014685385767,0.45712070955173495,0.8825040167439048,2.012175130528973,1
2.7757970322856518,1.7892712542991138,0.35353434783647986,0.8849427938050387,1.6938886039487173,1
0.9988564825484257,1.7811749671052366,0.21515321232248524,0.8465320550921792,2.1004379330227807,1
0.15373692685379747,1.8285458107067438,0.63826746253582,0.8259873810345224,1.8630405242617878,1
1.1743063426587148,1.8930739580153264,1.3002359431853385,0.8575181100524057,1.074286368615086,1
1.5964326598371845,1.8864044905802175,1.2918553581995778,0.8821428234587843,1.132370971568135,1
1.2902230205835892,1.8859540547443376,1.066672863719012,0.9015750221982698,1.824950720970333,1
0.6703239406049728,1.897237365292618,0.7915698520895718,0.9056666197321153,2.83578817716767,1
0.4366962935305605,1.9225573769657038,0.700523228026492,0.9045512548676631,2.8241014935566224,1
0.9214070636361331,1.9513186070178143,0.8399163687237625,0.9301208499079169,1.9107151191254963,1
1.0352521380044875,1.9715924830475406,0.7762257960568535,0.929297329217842,1.9723804844341946,1
0.675770725391099,1.984750611367159,0.6697910674349465,0.9243301991608642,1.8708356118599263,1
0.41460410136973236,1.975415132746542,0.5870514182805218,0.9413698535797113,1.2619717937478048,1
-0.710428062661864,-0.5175341067772931,-0.29913225561217044,0.4596420348950148,-0.5008757145873434,0
-0.7640590190054305,-0.5379175754156441,-0.2769938746015252,0.49892541658472567,-0.49888313825703473,0
-0.6724133118752771,-0.5461171156086656,-0.2267533206143347,0.5082817674424883,-0.4973970638330867,0
-0.6108632690023547,-0.5519027666186357,-0.2722409353901699,0.5445195673520626,-0.47222527848161083,0
-0.6971825467676127,-0.5613301878167789,-0.2909645706449611,0.5682485214113422,-0.4739257341837314,0
-0.682403349219416,-0.5708888549506999,-0.1971733247576386,0.5728428999980756,-0.49479768305368527,0
-0.6631100437398971,-0.5804191104197154,-0.17597140770315275,0.607367198963038,-0.49637866994851254,0
-0.6910161349844673,-0.5884986151747849,-0.172988080049455,0.6352079773801299,-0.4448283128775281,0
-0.6178183638585694,-0.5946749111128061,-0.13092558726314327,0.6456392394544113,-0.4805085986325501,0
-0.5509124998757123,-0.5984387199730504,-0.17979525400340554,0.6369214783247418,-0.48257433377286013,0
-0.6440893223850629,-0.6038135541376877,-0.23314942954003495,0.6255164391537753,-0.48871847646525846,0
-0.5576120459056859,-0.610533638524849,-0.16532992759530882,0.6552729867551466,-0.48714016043492364,0
-0.43969265888097187,-0.6156528311490163,-0.12626123764434757,0.6866274534498911,-0.4641166141247032,0
2.2842864366903823,-0.6209444779636312,-0.09430163167775427,0.7131448196703013,-0.40065994983477926,0
-0.6823623516446216,-0.6254062783035196,-0.149215268282852,0.7457880240063559,-0.44837020916032183,0
-0.7530057335920741,-0.6266074701395821,-0.2126542250677134,0.7773158634779583,-0.4771800393538388,0
-0.7464546380272917,-0.6278471865627536,-0.23012298338854073,0.7946849261728353,-0.48374543853913116,0
0.21192751246118324,-0.6297422571420622,-0.3162310399521796,0.8134554188139799,-0.48786747556247134,0
-0.7451384761102088,-0.6315440623431674,-0.3132833408010208,0.8529670746598869,-0.49229452402448126,0
-0.815572516049984,-0.6348331285085648,-0.28593310830991703,0.8827496281777868,-0.49764128654299455,0
-0.2700525853634944,-0.6363569235145826,-0.23651258575889042,0.8740636520572078,-0.47807559202922517,0
-0.23019752439561866,-0.6356528573028116,-0.24164250921307848,0.8422064043095755,-0.47790912289658793,0
-0.5643889431030155,-0.6375783808473512,-0.2578930902307371,0.8483091260549723,-0.4891012873134866,0
-0.6484896486678129,-0.6379537485378449,-0.23517751474556334,0.8489563844219083,-0.4858095187643099,0
-0.28071145343505943,-0.6366145889083669,-0.18140379267788542,0.8070030619685864,-0.44964379597190884,0
-0.4102724006725318,-0.6397392629886433,-0.13607273001188588,0.8112940381958185,-0.44725822542708,0
-0.7365965922786696,-0.6441848376079946,-0.19815031864738988,0.882321975328204,-0.4751596038278947,0
-0.7305297232204426,-0.6471776233852583,-0.197787579742365,0.9422251592788767,-0.4652332717582619,0
-0.5865245731393326,-0.6470822754683386,-0.20059756807187076,0.9604784231357287,-0.4622217022894919,0
-0.7367423849059331,-0.64638023152379,-0.30488701952155395,0.9760444089512839,-0.4903916507351129,0
-0.6562294826786664,-0.6468590473027364,-0.3093993501420107,0.997210335459348,-0.4821315362351291,0
-0.655989588424365,-0.6472952971323128,-0.2537948832927333,0.9754925056116197,-0.4805281904762042,0
-0.7123590927588742,-0.6489976527827437,-0.27260905482859016,0.9463543209143748,-0.4871703914141275,0
-0.6645186435768083,-0.6513756613939484,-0.2791896756086627,0.9636251390356989,-0.4898039718669965,0
-0.6757388430228887,-0.6534635024153528,-0.29786640336836084,0.9513850209895338,-0.48754656475361613,0
-0.6714958251625479,-0.6545571223239208,-0.29361256772487937,0.9166122210444084,-0.4640436789430961,0
-0.657850645396622,-0.655017712320395,-0.26260029099928256,0.9124512743998197,-0.475046425909459,0
-0.6263097765284229,-0.6555452655324463,-0.24545146332386325,0.9029128821263562,-0.4802470268409153,0
-0.5260032696908316,-0.6518159319665906,-0.30256662124789424,0.9170832170882056,-0.4753088763322518,0
-0.0012624218220981412,-0.6527188465247679,-0.25134240020110665,0.895382724518163,-0.4326456994170981,0
-0.5658126481605145,-0.6513776662141596,-0.25177185666851226,0.9333860372054067,-0.4932079282635893,0
-0.7763287660733422,-0.6491883850966976,-0.24283855512699745,0.9727358784595797,-0.5054722366581867,0
-0.7965125646045396,-0.6478188026377356,-0.20157675930743507,0.9839155330206308,-0.5032675575463919,0
-0.7200065058326529,-0.646700812426523,-0.23801813344163872,0.9732531072438723,-0.4948277658079879,0
-0.7085878203498104,-0.6459602343783135,-0.16000639590202234,0.9459729008052875,-0.488915576254923,0
-0.721229149353815,-0.6456639809537427,-0.18295923336725903,0.9504141334391297,-0.485675391167298,0
-0.7270579752214169,-0.6452135229125757,-0.1915992520831052,0.9571554449126197,-0.48619309676416234,0
-0.771670150516297,-0.6449862581429883,-0.19038569668569538,0.9459468948887588,-0.4952336791330171,0
-0.8437868509229118,-0.6450166841446563,-0.275503301532322,0.9405318851582316,-0.49049485206810817,0
2.39349176073841,-0.5188650282452394,0.7113151986528835,0.8653285536498525,-0.45759005821825477,1
2.4466447652610683,-0.4825579229683294,0.5895891871463926,0.8936316594718986,-0.4727113138383046,1
2.0140578451436593,-0.455596440956079,0.6747585774567205,0.9107030988998362,-0.455463537813785,1
2.30538787464877,-0.44507195485767564,0.9396746899958653,0.9212123787237037,-0.4307806125679731,1
2.4355192763983666,-0.451568857075901,1.1518984462343262,0.9356427728508399,-0.46472051909679063,1
1.9926413522107387,-0.4600521633916567,1.2442711616253876,0.9502927724953293,-0.42837529081715164,1
2.1208965876734003,-0.45302772065011554,1.083349130844999,0.9677687484026019,-0.44661485728340944,1
1.8160830267041612,-0.42593838376665344,0.9083138089300231,0.9917173079792347,-0.4585527116550889,1
2.3163499487166446,-0.409724549402547,0.8432675748592561,1.001186351141955,-0.45793334745296466,1
2.3105919523830165,-0.42261281210918544,0.8223663973477522,1.0037204832303608,-0.3359944768439353,1
0.2004071815098895,-0.4420182853552374,0.5549827268116798,1.0129207985889512,-0.3161895294398864,1
-0.27267377629062567,-0.45153031504178065,0.3579265674534761,1.0231324551458796,-0.45694555423734806,1
-0.1795994046472772,-0.4541680351053711,0.6386309261935504,1.0367451076755028,-0.4893961053244284,1
-0.18572497384119874,-0.4513842201132692,1.1429326460319886,1.0569979375587821,-0.4347669519935286,1
0.31971036759881183,-0.4391939092339766,1.1182579686214627,1.0646899097587093,-0.19842999600525185,1
1.5059724791540698,-0.42099696667138936,0.7520104748691673,1.0723847715049175,0.020165565708877203,1
0.6273329409545484,-0.40691264948047934,0.5511303465978018,1.0953913389939558,-0.2678757459257891,1
-0.18856343873094736,-0.4206366811291447,0.41854498748452207,1.1150431432507946,-0.5166205517401637,1
-0.24307390569366993,-0.44508219149505074,0.9548857414048344,1.1286904703357894,-0.2713348128844443,1
-0.1014353303281294,-0.45014660367582504,1.386379906460959,1.1406271860224533,-0.27985183039845934,1
0.13524625434697127,-0.4250416597253145,1.039546947217629,1.1513416236322693,-0.09167889459022617,1
-0.3295187719108558,-0.5954123201493212,-0.6565955507377539,0.09668323699679753,-0.38125531013640485,0
-0.09101038726346956,-0.5998718222419899,-0.6480441350520312,0.11783760531973779,-0.3807163124671735,0
-0.6716422965997627,-0.6063257017163668,-0.6501787886428251,0.1146157612164625,-0.38165440129683775,0
-0.6675213884614153,-0.6123535220018761,-0.6534255196989324,0.1429130879459467,-0.36331510937526723,0
-0.7134215961129698,-0.6171072092552271,-0.7117593550193538,0.18514669638852216,-0.3788423256635711,0
-0.8229247003109217,-0.622788095720435,-0.7958904672222078,0.19347147922398056,-0.37818679442443104,0
-0.7932444619241988,-0.6278522081298328,-0.5795241115352835,0.19498849102148685,-0.33632818745713244,0
0.5841143687536878,-0.6306480044604428,-0.43239887185427556,0.2190150683477057,-0.31729104131975266,0
0.5657575445330427,-0.6326667521447955,-0.6730777266025766,0.24642819391521484,-0.36512030620096214,0
-0.7036618777670031,-0.6348417235407829,-0.8614777232311984,0.27315360746785444,-0.3749117159267791,0
-0.5784878509558307,-0.637247982035515,-0.7902947746206004,0.28446618115783,-0.3664599852003672,0
-0.5778743400329407,-0.639151095687047,-0.7614392195076749,0.27309292699595417,-0.38230445035266303,0
-0.028049666178611012,-0.6405368102871217,-0.7162088801351312,0.29215237426519525,-0.36360233220862326,0
0.20619457099978872,-0.643685634203263,-0.6414947991421645,0.3176006083616486,-0.3635742029757668,0
-0.5546739611892808,-0.6479402243200422,-0.6788499121075706,0.32664199867478616,-0.37098398385814496,0
-0.5463095078002952,-0.6499467860600266,-0.6536889140457315,0.3091689123137945,-0.37904104128843863,0
-0.3959665588265793,-0.6489647889577653,-0.6972514550575097,0.1800408681100581,-0.3735722464060859,0
-0.4669161169193446,-0.648867452081554,-0.8614705862173659,0.09073366120429185,-0.36667662778817656,0
-0.4309724116526455,-0.6501842160928518,-0.7713539791585269,0.11852242778832635,-0.3584977593322545,0
0.3620619300643014,-0.6516186173710895,-0.6966904273989731,0.12244643163787598,-0.2902008940914293,0
3.701661494017176,-0.6531544841228558,-0.6013790000476454,0.16750023725067267,-0.2933635101394476,0
-0.609918296069468,-0.6543778701434223,-0.5009810844978779,0.2599368227787233,-0.39071863831812464,0
-0.7002546965997287,-0.6559887907657475,-0.6269349116440046,0.3083020484295052,-0.3898223493805948,0
-0.7061388300775555,-0.6569788705925305,-0.7042758672007432,0.3266391091285052,-0.38769326076899974,0
-0.6773016373246324,-0.6579000030027203,-0.730047669316928,0.35512136681997114,-0.37077065025254113,0
3.2455548879552008,-0.6588313038483319,-0.46251248272439943,0.4068846988971671,-0.3620960172928901,0
0.1908186148074071,-0.6607689070690799,-0.34495978676642947,0.4575355556561918,-0.37951400304604915,0
-0.12358804388038697,-0.6629337179601053,-0.5201853861213128,0.4867026358162463,-0.38485998414732253,0
0.8487937108298086,-0.6632177140661706,-0.6382820889146459,0.48231052546918046,-0.3923160188801444,0
-0.7645919174126099,-0.6636072756934275,-0.692502725555711,0.4596189185247671,-0.3434151697821274,0
-0.7284373463634178,-0.6639542491660272,-0.7112608431026785,0.4281170849696934,-0.3326230801293748,0
-0.6421280508309576,-0.6635423617086355,-0.6886491530533126,0.41049952129465356,-0.34150162745829654,0
-0.7356311848061773,-0.6627166089372039,-0.7291254353779383,0.4231788503755253,-0.35966607734076866,0
-0.865700106131488,-0.6624203935788395,-0.857271602988503,0.4364938796382092,-0.38615010620359563,0
-0.8482064938775956,-0.6629559962074819,-0.9123544862137437,0.45948022030328084,-0.3959712435261588,0
3.2302232919779237,-0.6623148803986822,-0.7244291987806192,0.4906584246748865,-0.3603295573547878,0
1.6407496959371044,-0.6547288802200071,-0.44913403274224734,0.5257981969976945,-0.20913310449871908,0
0.19998133654845185,-0.641798752616636,-0.45506499741311585,0.5638072887775,-0.2831657719514348,0
0.2960006225557964,-0.3927731600814673,-0.36928792234648444,0.491031176145131,-0.04743142153503932,1
0.19216848014650267,-0.38560711263769437,-0.5719240462324944,0.5260553666167003,0.031424694427740846,1
0.07717582080268251,-0.37766198000561424,-0.709730218225852,0.5526940937809109,0.03217093409240462,1
-0.009202007481112905,-0.3656854505283347,-0.7905574512175967,0.5743599117955819,-0.002346483644383823,1
0.09100030725292708,-0.35238407272914374,-0.9046534930247384,0.5930032644003641,-0.04713384291823679,1
0.33597681020174447,-0.3497769531373345,-0.8302876575636599,0.6192345655389587,-0.17018828110354867,1
0.6294186729485356,-0.3491662569858349,-0.7858397511401418,0.6313822181041331,-0.1758375310325341,1
0.8382211812865313,-0.34390130092637156,-1.0170009159281808,0.6082514001250131,-0.15305603715455948,1
1.3767198618424028,-0.3315778217678712,-0.951581494722776,0.5834013021087194,-0.01459771737816546,1
0.0519486675421562,-0.31495513889852844,-0.7585693338255393,0.5912319725301329,0.05901129797973569,1
0.20315446405269175,-0.3044657942531283,-0.6791075108857292,0.6019579683250728,-0.12371256068793045,1
-0.08763162815500275,-0.3034716302396019,-0.654015603328498,0.607124477075437,-0.06713467846519218,1
-0.43583529983471136,-0.3121978734993954,-0.7441406858156663,0.6234995358496622,0.08589174812886886,1
-0.5417377350542331,-0.3194836201296291,-0.7820110784386902,0.636092178542105,-0.06600587537989268,1
-0.4829651278819888,-0.32030937290106054,-0.7630563558315557,0.6476590323048054,-0.025131666630802546,1
-0.5372780576763465,-0.3123115027120051,-0.8118417550108507,0.6641438938377072,0.3548618454488822,1
-0.5500387850939092,-0.30342904842931256,-0.8388061815009942,0.6818654811788618,0.2530684939907625,1
-0.49433633234415875,-0.29603171547288665,-0.8032703250467925,0.696862226377067,0.10457162864989922,1
-0.26951816949933793,-0.28979694191116223,-0.7754205102039001,0.7003614669233148,0.2614170195951645,1
-0.2906198953361004,-0.29874636258161597,-0.8573373955761412,0.6823624831391877,0.14943986231496081,1
-0.6240379492517005,-0.5988086870204914,-0.4330382160484504,0.8249702607436229,-0.3448537173775194,0
-0.789585778947611,-0.5971815184723421,-0.5165850888902273,0.8023826774653243,-0.1425060339364373,0
-0.8233070228297897,-0.5953879672936881,-0.5497780488975369,0.7844877173473119,-0.14989276176323443,0
-0.7904491827057799,-0.5948746603594338,-0.5382617469751125,0.7839329244613668,-0.3932459404857814,0
-0.795598833469752,-0.5950450795939235,-0.5330008055608871,0.8096123222602972,-0.20689705919384907,0
-0.7866185271251158,-0.594205104336074,-0.5226584354407728,0.8343121638699807,-0.15641362584568608,0
-0.7969297800480407,-0.5938358462717297,-0.4936377940158936,0.8347773808212161,-0.3402826095652136,0
-0.771493636492613,-0.5949253677187272,-0.46563849826288634,0.8221760694899304,-0.4067196898852212,0
-0.743802826975951,-0.5957166372653105,-0.47044115627136224,0.8045729535462953,-0.3626535037940998,0
-0.7703910631445199,-0.5956719856050408,-0.4963569123865044,0.7928298374604561,-0.3794547125435935,0
-0.7873880982918771,-0.5957146023093526,-0.49733541461463066,0.7950403403653938,-0.41005393603547496,0
-0.7744256464689148,-0.5953575286032846,-0.5015537011097596,0.7993717702405595,-0.2639779749862882,0
-0.6817387684289256,-0.5926732963935797,-1.9844015482273352,0.11952510034782099,-0.3166038406259313,0
-0.09688109460066513,-0.598914166892718,-1.7525641264267142,0.16904036541842668,-0.30658762178224697,0
-0.6093778765700695,-0.6005392877961739,-1.6167736787223617,0.22952723771785413,-0.3095496144327494,0
-0.6346769879380596,-0.6005129015706749,-1.617423536595183,0.27961463295209077,-0.3080500661993524,0
-0.6310435924940918,-0.6010485581264432,-1.6017723151124748,0.31770752157404425,-0.3149060476908831,0
-0.5886714182198871,-0.5996404970770384,-1.5837117337487638,0.35408979879766683,-0.3151648822834903,0
-0.7210412390812341,-0.596238041198914,-1.5879133673448735,0.38231488687012694,-0.31106191233545993,0
-0.7482453839681202,-0.5960655679753631,-1.573332428517939,0.4050671742864405,-0.30413853367573507,0
-0.745032292201202,-0.598187774850812,-1.501543916959748,0.4196536039127487,-0.2945166738488186,0
-0.5024624648492908,-0.600066556265906,-1.461987759161909,0.4344451913250054,-0.309473966346872,0
-0.4493887152746733,-0.6017647357362613,-1.4701245506429295,0.4685129419775755,-0.31187763705518295,0
-0.542790865163642,-0.6017931711925457,-1.5086619196164701,0.5021357025028771,-0.3103662241238301,0
-0.3396964881207451,-0.5973417898906053,-1.5712254885626922,0.5050772606168988,-0.3080940607204048,0
-0.3814362809682828,-0.5938683072293556,-1.6405101603018282,0.47337604836843855,-0.3181126472076354,0
-0.5026330049521693,-0.5942740977493333,-1.6309870344651554,0.43513001379359395,-0.32286016781434107,0
-0.43440268623992684,-0.5936715208024701,-1.5409838844907584,0.42950984627711825,-0.31638355940495305,0
-0.20721431391514267,-0.592728095870076,-1.4720195293553202,0.4173188505177295,-0.3163174520818195,0
-0.0227370698303563,-0.5914600423283204,-1.502759586522277,0.4121321149433984,-0.31572862946944796,0
0.12926715137385134,-0.5901656073193414,-1.5007561809195784,0.40498048789801155,-0.3024175120373709,0
-0.3762631400035671,-0.5876964253852007,-1.4493747094876828,0.36465109045459165,-0.3055656256229557,0
-0.34901696098359747,-0.5854686815382153,-1.284018114286979,0.36354728377526324,-0.29685803090145474,0
-0.19438096536829214,-0.583423563489283,-1.1857093783331438,0.3777609619313271,-0.3108045870494166,0
-0.38472523635163663,-0.5830705248011081,-1.3005457605408957,0.39711225337494555,-0.3082930153257785,0
-0.5567742406974054,-0.5840707762354966,-1.3562313367424401,0.42814598043250307,-0.3145606221321762,0
-0.37192837226115516,-0.5834986585982321,-1.3448363013988665,0.4405970353571786,-0.3239525188380072,0
-0.6038204639072453,-0.5834256111339764,-1.3756270495115919,0.44222673945964247,-0.3229598153991753,0
-0.8031673553957641,-0.5824699907406624,-1.46136457283886,0.43548831753243356,-0.31476642650741954,0
-0.0907744561763518,-0.585399715088519,-1.4756088828892981,0.4307061184374375,-0.31865393840364853,0
-0.5626592469913018,-0.5937059485141004,-1.5183366214886278,0.4281690968027508,-0.3198202813849311,0
-0.4029845157144531,-0.5932169785745599,-1.5879881678361352,0.4244242448226209,-0.3138529374434437,0
-0.45965841278990377,-0.586957914014788,-1.5634608984290697,0.4109011682277076,-0.3233162736459129,0
-0.610325705928624,-0.5874996357861314,-1.4029368124419377,0.4129122924392588,-0.3220583156943264,0
-0.7047842923163524,-0.5922634534086976,-1.2754767679175858,0.4379502109638152,-0.3226275727878173,0
-0.49483702011266356,-0.5953777814112552,-1.1834456039451746,0.447295003636454,-0.3224733805547205,0
0.2111551801735749,-0.5901249716438614,-1.219844672423932,0.44307337651996503,-0.31673751863966465,0
-0.6689597215390731,-0.5833850103525191,-1.3732843014966736,0.43373436293988815,-0.31305488380239604,0
-0.6961311982426169,-0.5815509123195337,-1.3936762972812087,0.4289261579283634,-0.3181882729514918,0
-0.7370070502260249,-0.5786800272243423,-1.4014538938156922,0.44612473739266345,-0.31173873876245617,0
-0.7343029094082619,-0.581737539827549,-2.153592189933149,0.5502639853586199,-0.3082160600664799,0
-0.7623265811684474,-0.581770024576554,-2.250914787568194,0.5312103171819407,-0.3184369910481052,0
-0.7198270413349068,-0.5809240221693359,-2.1969282247025395,0.5074784735763802,-0.31834790136520874,0
-0.7231635185714803,-0.5805872456818127,-2.17215996187318,0.49717146199218026,-0.31829530371153386,0
-0.7476750091748344,-0.5813155933750795,-2.153056473015637,0.4933312549847786,-0.31490987552180294,0
-0.6811054275057614,-0.5821332047365876,-2.129449667693984,0.4839604563956111,-0.3124573420625373,0
-0.6784476668763766,-0.5831557756567433,-2.1769945361346847,0.470258227931278,-0.31122238829050336,0
-0.7524740541511187,-0.584673375387647,-2.207525964487074,0.44890448091495117,-0.31788122259466733,0
-0.6765715531876546,-0.5860976700880486,-2.205697567400404,0.43306976729526636,-0.22855288210611038,0
-0.6820824041729734,-0.5869538663081594,-2.2282845259271093,0.4428682187340166,-0.31617451206567787,0
-0.7089036129690622,-0.5876720709434757,-2.2447902302967777,0.45883007239006385,-0.3116420175809055,0
1.5188970050343598,0.08771080375059208,-1.396869343873654,0.7717852718961925,-0.31186049342411737,1
0.8100255805513819,0.05679664263608009,-1.5174520872842223,0.8165847974362643,-0.17333153015374972,1
0.16638198028983017,0.1171782142750285,-1.7233386996731503,0.8969141840470742,0.21988015135556094,1
0.7807842405194464,0.30143093185977793,-1.6241506792185985,1.0374241510515294,-0.05691546790090571,1
1.2343367331320274,0.4189658498729696,-1.3848982002391146,1.1769430036816138,-0.23663294425513784,1
0.098519982038311,0.4297950860904616,-1.6019985604173683,1.261704954287423,-0.17162824306190208,1
0.083623439885886,0.4220655969323309,-1.8419580671504627,1.3229980099992396,-0.13974778712643518,1
0.5770417677164741,0.3911868770421983,-1.6612197134193427,1.3649917861004948,-0.2560144457715207,1
-0.10789095867317883,0.37352483129734054,-1.788076138313728,1.3772457739688109,-0.2634738378016718,1
-0.07324895309355994,0.385337022616625,-1.8221891520022675,1.3772457739688109,-0.1626300145452265,1
0.09347561784080964,0.39244421653290545,-1.7792472323693096,1.3772457739688109,-0.2296889171270951,1
-0.11647623677188342,0.3874754679013466,-1.782066382296611,1.3772457739688109,-0.24815959365343726,1
0.11094617841930861,0.3655249245662354,-1.6023129141166679,1.3772457739688109,-0.24773110010530577,1
0.1458185738760918,0.31355697587978965,-1.6146566836989757,1.3772457739688109,-0.32996758408331206,1
0.1643058608718349,0.24520263395672234,-1.7673095893870263,1.3772457739688109,-0.34720143959560634,1
0.08893081856440481,0.17829270789639604,-1.8661335069962652,1.3772457739688109,-0.34715905460826674,1
0.19445922554880576,0.12269289733812089,-1.7723619902853844,1.374140089626028,-0.34708717920560817,1
0.12514334922720186,0.0706721904755048,-1.8179158592187827,1.3755704150351054,-0.34335476131283166,1
-0.12431732743548131,0.019542634127153603,-1.980628997618386,1.3772457739688109,-0.3533449762827218,1
-0.1535658620040511,-0.024598266472078734,-1.875577082555257,1.3772457739688109,-0.35547606251884367,1
0.1200814744207193,-0.06154315993690015,-1.7070923870832047,1.3772457739688109,-0.3344785087244609,1
0.37078624650963526,-0.09016873947591829,-1.8104535699866129,1.3726722001152982,-0.32353696329241916,1
-0.5234375533847802,1.1375513359995741,0.05024123847582758,-0.011082391551769193,-0.43822466497080015,0
-0.6665099140702002,1.0649735674941474,0.056043562036641244,0.04351847497333382,-0.482633244078086,0
-0.4071946342004875,1.0246774298877313,0.14602180895144165,0.08715929245473891,-0.4710818718940556,0
-0.7686900642147771,0.9800959748054,0.1466317618338175,0.12077338434119761,-0.4764637166489827,0
-0.8179192166539636,0.9313747880401522,0.11388528687300686,0.1652492806978014,-0.4697189065327919,0
-0.617272263108314,0.8654577951860073,0.1485949959859874,0.20981475298911512,-0.465758188214254,0
-0.15440898049373739,0.8055268766775342,0.23162130900847025,0.22741786893275015,-0.4759974310901379,0
-0.44658718834016736,0.7656577499151495,0.24663523418096764,0.22386661655344492,-0.4781470298724592,0
-0.505865555872583,0.6721186820309423,0.20282683833367918,0.23884024538140236,-0.4853303206516662,0
-0.6334438340319747,0.5153720089204495,0.1805057826130045,0.2815217334975273,-0.4756780664760128,0
-0.7254320079607064,0.4057187687591301,0.20063715498747656,0.32025610139385485,-0.4556493554878708,0
-0.4954599200948319,0.4156630116712649,0.26300664821794495,0.32786716629791507,-0.45218542522268307,0
-0.3644212498797856,0.45370956970296955,0.23674397572921957,0.3448548088837047,-0.45786323164069004,0
-0.5560894586212797,0.453750138762588,0.19644220785867145,0.37474427561400026,-0.4816215626346181,0
-0.7074884642850736,0.44832863067045875,0.18054252750374403,0.38938849616592774,-0.4690951308503857,0
-0.5545192987736577,0.43957751114469223,0.16592109948187464,0.388963732862626,-0.46058297345518723,0
-0.56201693941764,0.4310678312921732,0.13087661024798333,0.39703134607907853,-0.44310031999720834,0
-0.6101376126140996,0.42476369475776765,0.15596416858128515,0.4208180910639774,-0.4360237432530671,0
-0.49787171464091,0.412609930608936,0.17865776514130965,0.45364622636201374,-0.4594213700269425,0
-0.6272292130005158,0.38124681665450727,0.13185306524677382,0.5043895486020293,-0.4713373195693974,0
-0.29545629346618235,0.35564475659625683,0.16654733257065343,0.5354290547521487,-0.43727797675054736,0
-0.14741069752590422,0.3432624159798041,0.2102900832567208,0.5387693702529436,-0.46322104914198203,0
-0.5985885283825717,0.32545784559938973,0.2029186506064359,0.5470652576255923,-0.4904972233366155,0
-0.6238510925628483,0.31296320015709655,0.1530760681635054,0.5807255822525464,-0.49155216334180274,0
-0.4478874253175148,0.303621646804353,0.13066067176946297,0.623589111784372,-0.48993975284336766,0
-0.422452852348604,0.2984212906834775,0.12710880836396202,0.6358841312098755,-0.4873193029165472,0
-0.4516868004016465,0.28614780197071404,0.14411390955054815,0.641198006820569,-0.4480018670223139,0
-0.36949488670596214,0.2667463907061181,0.17027409220247935,0.6535190321626012,-0.4473932365552383,0
-0.6470917356990342,0.22505634950694584,0.14486538986271716,0.6654730851269508,-0.47320969890258063,0
-0.7166646009232553,0.19542750495885486,0.14934652271359344,0.6768376706499838,-0.46295152553452706,0
-0.19098299145918768,0.19230358427224958,0.23072474823547984,0.686474307497,-0.44365503068724227,0
-0.14740594581690838,0.19658479059785902,0.2524662660411348,0.6869741990036068,-0.46031544419330395,0
-0.6364362578834386,0.20720665005258807,0.11711059280688844,0.6887541595126809,-0.4706461272977268,0
-0.6267155265225177,0.19832364539599276,0.06201174127530506,0.6986190705158933,-0.4819938886628206,0
-0.7976074028752671,0.18072199485999235,0.0775401692806865,0.7082701550943143,-0.4813968871241951,0
-0.6578283065129304,0.16713979313861416,0.1253928118966233,0.7161383896173804,-0.46374239990941796,0
-0.5703153014246616,0.15684661951642692,0.14140486755477366,0.7208223441388236,-0.4580001092550697,0
-0.4457815161244495,0.14992566451563674,0.1118838269474007,0.7260755392776169,-0.46612960000587444,0
3.701661494017176,0.43090144231730065,1.4920403603528658,0.6090142403431877,-0.3923061315887613,1
3.5038440670333313,0.42340628079616227,1.4477804721060779,0.6107681949357331,-0.39670284298933584,1
3.538694362824674,0.41876594043105614,1.4548958198464894,0.6108028694911047,-0.35539723470225476,1
3.5299214674936175,0.42527095075127425,1.4530952582497818,0.6154116958092429,-0.33805782277794505,1
3.2639059037049245,0.4259831250650379,1.4796441637154691,0.6170529580968307,-0.3850863811801091,1
2.9304540061155433,0.42696720153383144,1.4460242109590964,0.6126232836481122,-0.42132151152825936,1
2.6234800027089884,0.4224932485575056,1.386039501664807,0.6123978990381971,-0.4057822426777933,1
1.7687152220187674,0.3900026976282748,1.2896802802587108,0.6108895558795336,-0.38366281022848464,1
1.3226402392458896,0.3694183900981339,1.2983729505886448,0.6058617453506556,-0.3723195853984469,1
0.5961285192330795,0.3749170219108024,1.266940931623747,0.6009524062192971,-0.3888024999387839,1
-0.09889119146892604,0.39313347340424104,1.224479436748554,0.5897005130012218,-0.3904682726578144,1
-0.041592541769611524,0.41602881681345755,1.3050622321256309,0.582875404685584,-0.34450902446807097,1
0.3803757362697879,0.4486332427995486,1.4319847799844305,0.5799165092938764,0.055562976625012514,1
0.6325831952045141,0.5159922596897905,1.569802006638095,0.5781885606178597,0.10341183802741977,1
0.8533290531864632,0.5807312366832869,1.5459588433319436,0.5812196946665913,0.12578841327780768,1
1.032105467714027,0.6309021257557091,1.5015170242095695,0.5830892311103753,-0.13548648080452128,1
0.9026671398154731,0.7175560161149966,1.5014196734368515,0.5864613316202607,0.2636879006653102,1
0.7054157276014329,0.8304000259798793,1.4495028207889602,0.5971902169614814,0.4928817949560197,1
0.4065675475742207,0.9333662485987843,1.3332387256877036,0.6123690035753874,0.25386078856389255,1
0.03969015093000606,1.0208941929873248,1.3587450945356143,0.621817819914141,-0.25692621726179266,1
-0.018038182047938417,1.0950608497119507,1.4360461047096118,0.6228580565752881,-0.05922957669276132,1
-0.6893174916508206,0.3022723472891082,0.08580724967057812,0.9017541740676895,-0.5008651152926826,0
-0.5583785542462487,0.28974727425905505,0.10402413683508084,0.9056463929081485,-0.4811001264044449,0
-0.6200857597408467,0.280200778794675,0.1251038192463095,0.9081545190800256,-0.47301262483691126,0
-0.6973827474105697,0.26982846711518566,0.16207971802311008,0.9091889766486109,-0.4533086923376688,0
-0.5026301806690275,0.2580115095896242,0.25713341404598045,0.9147369055080625,-0.3809702324280635,0
-0.4731691021670798,0.22999491322281146,0.21471002242598755,0.9288350018128877,-0.42922087949367776,0
-0.6103824028446461,0.21192734659360557,0.1656529826325988,0.9421847056309433,-0.44315222165644735,0
-0.5130532240852781,0.2252689016877061,0.28492201364470926,0.9544363818622322,-0.369594865918323,0
-0.3918212401067617,0.2309298557355152,0.2280829318139549,0.957210346291958,-0.36661963675677756,0
-0.44756875660030726,0.22870199451772616,0.09354683457052664,0.96248954734728,-0.44081349369657874,0
-0.47300412497693956,0.21984942220716674,0.13205809246056915,0.979517643581003,-0.4638249416735086,0
1.0475119639611352,2.455753545679625,-0.5517921791494494,-0.6613603343513991,-0.3326743518122525,0
0.4399756981553302,2.3421056203571284,-0.5684844067229471,-0.5973482155891952,-0.33569948586693127,0
-0.6616512413321503,2.3185285207053568,-0.45843246072617405,-0.5314694499294881,-0.3702524973032395,0
2.718172077355696,2.2930056034626842,-0.45918387412957357,-0.4713697768317099,-0.35549388701158435,0
0.00046817628568534815,2.2508671296617506,-0.5411824266918356,-0.4206235650454134,-0.35532764741014145,0
0.26060040637322485,2.168323739310942,-0.5480395546302892,-0.3793810709772087,-0.3233553732814523,0
0.29253816957152545,2.025304672900345,-0.573795874824918,-0.3491361900543545,-0.2994595388180355,0
-0.41040131089162424,1.8815800081131642,-0.7141295931498183,-0.3173598496025891,-0.3786730498749495,0
3.701661494017176,1.8179902705142645,-0.5570913772420288,-0.2876293079177466,-0.3790527724239045,0
0.6031291677583733,1.7451591206493813,-0.29506560506046076,-0.2653335688138254,-0.3578956540808024,0
-0.36111952007315606,1.6411417203561067,-0.2595417544037648,-0.2506142200585928,-0.37867456989922815,0
-0.1904324472579113,1.5325845188935625,-0.3516866217630793,-0.240214742993402,-0.3301603677891464,0
-0.09280016106729623,1.4370699988766646,-0.3694561365101638,-0.22070741605061145,-0.3469610518308205,0
0.1744623116451041,1.366879861802237,-0.296717742044279,-0.19854170652933364,-0.38405233089115565,0
1.0158276569503837,1.3055564307036382,-0.25170287221644294,-0.2057482349540588,-0.3838572379148563,0
0.012393564855569356,1.2360708864235062,-0.29308351906141894,-0.21884943779195135,-0.3906205975882787,0
-0.6396697852473099,1.15221758715076,-0.30530861202587833,-0.20128677549624982,-0.3888868225626768,0
-0.5710167931010234,1.0658505938596945,-0.21881795380476285,-0.1742781864080757,-0.30767107091319895,0
-0.6996403821601114,1.0018568485081565,-0.1919146123003244,-0.1617924569280286,-0.3804479252554853,0
-0.7361617046778813,0.9363381487173936,-0.23166518826054444,-0.1589838179429312,-0.38422139422387663,0
-0.5400396320805482,0.8770199406971828,-0.18486564195968158,-0.15814295997517058,-0.39377252689527154,0
0.08472336918453856,0.8236112225733642,-0.06187165622385735,-0.16054995202721392,-0.39507402581508355,0
-0.4624346829280853,0.7810467308219541,-0.059968690742925164,-0.16408675667511433,-0.38814114846816195,0
-0.49472457927950886,0.7703924008930473,-0.2001135578641938,-0.11710851323919536,-0.34418051611538725,0
3.701661494017176,0.7297614710001239,-0.3554237564837026,-0.10418935181700359,-0.34493352332506866,0
1.1487885483050961,0.6807547892719281,-0.32488609510408795,-0.15267882795786694,-0.3769580459802653,0
-0.4298080176377818,0.645981610956343,-0.27016717035470295,-0.16067131297101442,-0.388435174604312,0
0.4733655878007014,0.6184606112211923,-0.3510665249820372,-0.1421030885695373,-0.3732310366395696,0
-0.11560341037567087,0.6073360129627993,-0.4491247292004119,-0.11901272423835088,-0.3721750771315254,0
-0.1549113156133785,0.6174302970001897,-0.37498892178942866,-0.08629728124527213,-0.38138709045085245,0
-0.3450490892890372,0.6173085580994953,-0.3367056578517049,-0.05336512228112103,-0.3781753264594079,0
-0.4732302464017133,0.5953506029567525,-0.33613055460191793,-0.051619836327418546,-0.37936089066587325,0
3.701661494017176,0.5695294052640105,-0.3329145701329185,-0.03723278539449688,-0.37649246412397175,0
1.416972406240946,0.5494300310694253,-0.5333332670161745,0.0008745509588614298,-0.3220417782777079,0
1.9255466273140893,0.5283912257219485,-0.530594273841623,0.04042088136014,-0.29004059732629267,0
2.5942496634942973,0.5055465976024853,-0.4143782278767193,0.08149867129032969,-0.33341841979973574,0
-0.31443850865422257,0.48916437578766314,-0.39364258556086146,0.1110298342817857,-0.38329005304782515,0
2.97485050158627,0.4610057734373577,-0.4354134950892099,0.12639066231139237,-0.3271899438832022,0
0.16240176987164054,0.8030342063078674,-0.4955767779139406,0.2319891311492358,-0.401068240182543,0
0.3452678953570664,1.4020639140624649,-0.4813261363435146,0.2559781443738021,-0.36192374419312223,0
-0.03727792644265031,1.983015647252552,-0.549924360777576,0.28227879462313993,-0.3763646668655468,0
0.3049040308117643,2.0879593188938985,-0.5252128142557198,0.29482231502880635,-0.41100409135940513,0
0.04292466087651361,1.9306924916902506,-0.5007177005804231,0.2959145635230109,-0.41917719505693274,0
0.15029137172002988,1.7899895953383367,-0.6243631958603489,0.2964635773163941,-0.42480787348233723,0
0.4434406817869079,1.6591893498096382,-0.6455914230337079,0.29678431695358115,-0.42123439397724655,0
-0.224914506654228,1.5019353287123067,-0.5942958495036222,0.3074611904617446,-0.42064271224153116,0
0.1916770944542399,1.3924244022363155,-0.5797130860742781,0.3152340699575388,-0.4170499498582472,0
0.23103813136417725,1.3111050878560668,-0.5949393384360578,0.31045476040882364,-0.4100111523677004,0
0.09505233624956357,1.2944292867676832,-0.5700663677734371,0.31156723572699496,-0.4201529013500836,0
3.1484935063721484,3.4792014144823873,-0.21025776260994689,0.2201506600361247,-0.26285961936770524,1
3.3129082983747504,3.7348518798917043,-0.20876808620813958,0.26443295679190393,0.41105718940498037,1
2.8663334563234506,3.9448219220081038,-0.34721795014915563,0.35304089349767676,0.6064082529589787,1
2.4316270552801718,4.111774862005165,-0.6061816327937758,0.46226863246441147,2.2698060631508983,1
2.2097767249864604,4.267751154399912,-0.525948319794795,0.5458863227429588,2.1918271114695878,1
2.0782119262969134,4.399983330075607,-0.30606664483139356,0.6000595364184791,2.0441524339428385,1
2.2488907089211096,4.517416083148724,-0.39606879646735366,0.5997099013184825,1.8087359970534973,1
1.7787249179656293,4.625759998069941,-0.46890472097934743,0.5665899218460686,2.715090728840282,1
1.5182077302316945,4.783357080893045,-0.4038833378090507,0.616293007424937,2.6893164743784483,1
-0.25961419776848005,4.783357080893045,-0.47240925963093044,0.6782333215036895,1.1365518288155132,1
-0.5409042297585644,4.783357080893045,-0.38958108013904186,0.6240427705504835,-0.055995864159596356,1
0.8579337390222108,4.783357080893045,-0.21107592919326512,0.5036700515780692,0.17143315337952766,1
1.0103395529729726,4.783357080893045,-0.12733685769700878,0.4054803794046184,0.1939678652338806,1
0.872999491460738,4.783357080893045,-0.15016627243649838,0.3486343354192061,0.023038525912764788,1
0.33742291206646213,4.783357080893045,-0.28286839352143034,0.3321379157011804,-0.28668532772371286,1
-0.016003648970185188,4.783357080893045,-0.3621712519751221,0.3479350652192127,-0.411952149797165,1
0.004561943521660047,4.783357080893045,-0.3717053394608189,0.36305317136121834,-0.40167345440129,1
0.15655681546149008,4.783357080893045,-0.2696675429795007,0.3749349856685439,-0.15047695328165261,1
0.5548370837334364,4.783357080893045,-0.26287145864659206,0.3877703502485877,-0.15950891058501931,1
0.4778955178055031,4.782790188286733,-0.32764403502805506,0.40118940317738633,-0.35588314114148945,1
1.1297277372127823,4.717664663240664,-0.23375356588842938,0.42011304177142206,-0.21961444986494455,1
-0.35830139685589335,-0.6348148567294263,0.3050276555744424,-0.593704497728899,-0.408856167287463,0
-0.5266325155538171,-0.6354986304809283,0.2293987739339305,-0.5202493417205034,-0.42718138738764944,0
-0.36726028034189884,-0.6361093853178296,0.30527218237461334,-0.4587771341392671,-0.43426266415264736,0
-0.34159240838576577,-0.6372172515041947,0.28127237871245603,-0.40699935433066625,-0.4372079910627959,0
-0.3746860079607734,-0.6372801226025692,0.26176712250123063,-0.3691145130409422,-0.4371976374890702,0
-0.36660995498426635,-0.6395729009773339,0.30419709439869214,-0.3407102730990623,-0.4330670486739392,0
-0.5185686710992569,-0.6422431121342972,0.2685143552309442,-0.3130168615422997,-0.40889303755063855,0
-0.5502699374343861,-0.6423039831707363,0.3102429922410022,-0.28849039270947396,-0.45158628253245703,0
-0.4907481611092195,-0.6428051057467143,0.34093037729250175,-0.26485101458490434,-0.44218764396215127,0
-0.4696762416310569,-0.643602515055194,0.3100038725119948,-0.23084683395051547,-0.3870703317069896,0
-0.42906126950887985,-0.6437993569952972,0.34387761001509826,-0.19432296895912565,-0.4518660650667906,0
-0.41817939844229524,-0.6431196182616882,0.425436046438847,-0.1750901489130267,-0.4438942610643283,0
-0.5354360894960332,-0.6425291860208028,0.39035741207760705,-0.16582626353625488,-0.44611685119575095,0
-0.5520337922797247,-0.6418839479590532,0.36564575592278575,-0.14840229946203964,-0.45482010958766345,0
-0.19380550863151993,-0.6406766639438527,0.4338546803277575,-0.13014614605890665,-0.42566796298085685,0
-0.012462780680098779,-0.638789695122169,0.40506012311860556,-0.1146552884466566,-0.42742334586301806,0
-0.26668352355934233,-0.638223609392549,0.36871499621769666,-0.10566013087401446,-0.4429909159322157,0
-0.327063959149866,-0.6389824719086323,0.3592002799303448,-0.10331381929387139,-0.436645616415168,0
-0.33754872413508413,-0.6399442051002796,0.2992889690137198,-0.09146090044935548,-0.451233016640324,0
-0.5133468204130625,-0.6404697185980973,0.2991070965332622,-0.06500999379340751,-0.443669793139405,0
-0.5855005709367842,-0.639002745335798,0.27584116975272654,-0.03238412673503863,-0.4445303423787071,0
-0.6040018836406473,-0.6371624329945953,0.279625915429168,-0.004500005123732325,-0.44036805397708473,0
-0.562209880814571,-0.6357806978991958,0.30329270435211375,0.01639430403392114,-0.4397783978028349,0
-0.519497084723324,-0.6345714106498761,0.34082929997924366,0.03216255808914378,-0.4458186204253068,0
-0.23479736310930108,-0.6344009834849268,0.4412337552503574,0.03829995438991214,-0.3213622004571087,0
-0.3377014943515271,-0.6350604059668876,0.38390233703535986,0.018362085051257884,-0.33357498372252564,0
-0.6016514920686328,-0.6339180422808467,0.2751871535051907,-0.008987470498070015,-0.44358881226400304,0
-0.5151891305085515,-0.6331612115485373,0.3350542368852123,-0.021704363680594273,-0.4200322125153585,0
-0.2958956590276115,-0.6341412260358747,0.44977771516692866,-0.020808604333495313,-0.3788740888556377,0
-0.08301109952651303,-0.6335183280790877,0.4782480295015867,-0.001032549586575064,-0.2553929656721149,0
0.036215500533744095,-0.632509901926845,0.4464524274540464,0.016443426320697535,-0.3037423277517127,0
-0.1017846272905993,-0.6302495274103963,0.40197773963877026,0.027727104547863455,-0.41075645191955756,0
-0.3776517841285086,-0.6277234111200093,0.2755085287250006,0.04610750844107791,-0.44611637884884925,0
-0.4446788925331465,-0.6266967338078232,0.28165396813692756,0.06486933244337965,-0.4407706239463322,0
-0.44361281477762493,-0.6258567188976752,0.34446535302417813,0.08019837546389572,-0.43800538962588864,0
-0.4463124344690942,-0.6266764429336462,0.31383892578989925,0.09501596879268108,-0.4414424909668134,0
-0.3495888755801562,-0.6275042592106905,0.3534795866550591,0.11017741812890121,-0.41944816060256523,0
-0.410180978772847,-0.6275326677034119,0.3148831925937279,0.12300989316266403,-0.42281507437354504,0
3.701661494017176,-0.6169838572990305,2.2743951476349062,0.16064912301850612,-0.4194875187689097,1
3.6943326403662353,-0.6161134052845709,2.1357521341558328,0.15836927100282522,-0.4399988886618297,1
3.701661494017176,-0.6156609392510091,2.0586136627960627,0.16368025706723774,-0.42636121730784654,1
3.701661494017176,-0.6149710907673802,2.1356382199584925,0.17876946774643376,-0.42141089388785513,1
3.701661494017176,-0.615084718393898,2.138136224614395,0.20009142975366995,-0.42177364535597,1
3.2863269979532412,-0.6149792099720165,2.032961823161547,0.22114466395677645,-0.39831850686988773,1
2.0449486042320477,-0.6145165834334927,1.9988185418887994,0.24184248396732436,-0.3736565200997971,1
2.1076349973088897,-0.6124003196445396,1.9884215236430463,0.25376186237630244,-0.41609317810992835,1
2.5364855671465927,-0.6110591504365748,2.2243497996574995,0.26037603381342994,-0.41005299710795545,1
1.817319600336734,-0.6117043948426919,2.174721637143405,0.27262482049843795,-0.12237569269985507,1
1.8731724949878727,-0.6075388526856502,2.1472412029901515,0.290875194809009,0.017610147038580777,1
2.5707285134576914,-0.6056620094749058,2.357933599578048,0.30715489855596234,-0.11726582987410684,1
1.8493748111324904,-0.6178482345813632,2.173490480994761,0.3251220973309989,-0.39547704580222215,1
1.7082204397282175,-0.6279628459730455,2.068606013873482,0.33904682085896626,-0.4311267926938319,1
1.4232198378145127,-0.6277680548498195,2.071683439857903,0.3540088915017998,-0.4371266421503176,1
1.7410771505429172,-0.6256903283367109,1.9937459499471917,0.37540887125862205,-0.3887867380450626,1
1.5541937854173777,-0.6216566506913029,1.883407306134996,0.3944972139906728,-0.39238225607912375,1
0.9765012121969324,-0.6192685259857106,1.7850277891803128,0.4138889590822248,-0.45825099005873954,1
0.9868165462312201,-0.6191305629505709,1.6611020577569608,0.43092861350107176,-0.38723166774713136,1
1.0925755861786919,-0.6179577986403331,1.6045276113929576,0.4380715719076157,-0.3339209290169882,1
0.9195942857204826,-0.6171786642831758,1.676181675044242,0.4349970946646696,-0.4344088879584689,1
-0.6853102300249874,-0.6234544018414117,0.6289100443091981,0.3547341676183219,-0.44961760714562204,0
-0.5272159133677397,-0.6230283315499004,0.6572648687145282,0.3636455283488161,-0.3995094121156005,0
-0.5880146537538445,-0.6229329423945904,0.5685340937366896,0.3591696211596022,-0.4136609032249005,0
-0.5501525684048727,-0.6228334976021921,0.5650936945177395,0.3501918008646459,-0.4822535956663208,0
-0.5236540613629638,-0.6230282807949584,0.5826184136691629,0.32654953319379526,-0.48519064159336805,0
-0.7253961575880784,-0.6232312085698319,0.5552305595648702,0.30338115111302283,-0.48876663330678366,0
-0.7128874079158946,-0.6230181726310304,0.6259025780275125,0.29121038217760087,-0.48557671151573917,0
-0.7012013310269929,-0.6229370154786901,0.6743611523525473,0.28222678279008256,-0.47729221420605344,0
-0.7174156999902038,-0.6230425334171232,0.6757398550104894,0.27753127008351547,-0.47747614604899613,0
-0.6428925181425399,-0.623277888841692,0.6661130335284215,0.2770082622066609,-0.45067553338441,0
-0.444259156822215,-0.624217304133664,0.6362783180956912,0.2801145244586976,-0.4592219477695495,0
-0.543612845547043,-0.6525626132965817,0.49580611102941036,-0.15345611590744634,-0.4372366488649498,0
-0.531351997876832,-0.6449112217194409,0.451661902454,-0.13177585016137058,-0.4337491190464625,0
-0.539218533585195,-0.643553825204847,0.43414447729591743,-0.1125372510227097,-0.4321087622038123,0
-0.6073175734881427,-0.6450431163668215,0.5407625870829843,-0.08773916483947335,-0.43369522389715237,0
-0.5951680861095181,-0.644949774856205,0.5843167944051912,-0.06385995437358367,-0.43768702685737004,0
-0.44440157283171394,-0.643399593624688,0.5751401081547871,-0.053408465475335495,-0.4409480135593101,0
-0.6119526395152521,-0.6416018979877972,0.530456378804448,-0.04341930398204162,-0.429038004646427,0
-0.6579921303037242,-0.6410946737161294,0.5537343135232753,-0.04085338688454525,-0.44726790567856,0
-0.7093012321538783,-0.6426935336953494,0.6068495844842567,-0.0441676964688114,-0.4487178092728356,0
0.2117590089801049,-0.6445743928908837,0.5275913028543239,-0.04611814020846235,-0.39303449500303744,0
0.8384112226664323,-0.6436877072254275,0.538056844689037,-0.060060201014115515,-0.3134964657092193,0
0.3631042680032079,-0.6407862581385695,0.4875044011646167,-0.07023140392311014,-0.29111241887685496,0
-0.2538087209899756,-0.6441706420851396,0.47695460691610925,-0.06332827785788624,-0.36836994969231673,0
-0.22759076044983162,-0.6498254801624316,0.7272933775839507,-0.04774784431092627,-0.4467365294139549,0
-0.31383775091008564,-0.6470518240891997,0.6941255946938103,-0.04183005352751121,-0.4501649458844521,0
-0.5504211501758655,-0.6446758520200447,0.5594591752801609,-0.034990497480468515,-0.4544167029840717,0
-0.4232650141287421,-0.6451891922622297,0.5419733296637367,-0.019944629995486962,-0.4386798044096929,0
-0.6418758023612456,-0.6407497161663842,0.5302373760879504,-0.013110853041006192,-0.44815483384634636,0
0.02119271962478985,-0.6365192536801828,0.592398562984552,-0.03174264746066454,-0.42685056742766275,0
1.6626328848660716,-0.6359369454022095,0.5526955071211317,-0.1715620129039692,-0.4131797639095049,0
0.09791585554669449,-0.6339769021527072,0.4175749259921506,-0.38628130749615164,-0.42557958990668376,0
0.38087230316410353,-0.6312011651268511,0.38195788280746434,-0.48107576278946923,-0.42735301744938675,0
0.09437790964383216,-0.6284376124592713,0.5100041981074807,-0.4684137709862833,-0.4350989302799594,0
1.1064995737613503,-0.6296875100066,0.6573388338773882,-0.39813422634066753,-0.43519530689781827,0
-0.43787244763127464,-0.635721823752508,0.6817946674279541,-0.22427600570760245,-0.4521460444686268,0
-0.777907780558793,-0.6374139998648737,0.6632209752854258,-0.07633701521478789,-0.4376035815928313,0
-0.8840548125989143,-0.6313817258331994,0.6235193090826949,-0.030049373340019413,-0.4470211931030115,0
-0.8986584048195105,-0.6260981744318418,0.6376553028841717,-0.005728062293142189,-0.4498748247034975,0
-0.7232720252010851,-0.6257370101946629,0.7016021870511379,0.010320477751334003,-0.396913484328731,0
-0.44484427488504225,-0.6271552825039716,0.5999002773699323,0.01257143430420526,-0.4381603156010052,0
-0.38542862462498667,-0.6284579160221838,0.5665340004599203,0.006075734264597322,-0.40792897273163004,0
-0.35174615691901207,-0.6275408122855193,0.5680570825729854,-0.0052917408047165665,-0.4556546488573614,0
-0.5705080939885085,-0.6265973207372637,0.5845722339141215,-0.01926558661946033,-0.4640696006547599,0
-0.6237171760050336,-0.6242355473631476,0.6456302959621725,-0.023498771921073153,-0.4639974752674334,0
-0.4746998658541157,-0.6235355494772004,0.5935241038563521,-0.022776385350832058,-0.44946718267601177,0
0.18191775429720655,-0.6288130404212587,0.6032940800000082,-0.01562764785172617,-0.43460757770929526,0
-0.16679106593205506,-0.6299898429215736,0.5057495409792606,0.014365842544684142,-0.4377321596864078,0
-0.7173766647331019,-0.6303408529981582,0.4595102880210502,0.04131086161467703,-0.44169299345876933,0
-0.4243849645720511,-0.5312460428888309,0.3386138723179933,0.13483102699808933,-0.45475927534644334,0
-0.06379465749380872,-0.5013749402440522,0.36488903578200166,0.13405951814107184,-0.4575602139333571,0
-0.45321517324012245,-0.4876182588928202,0.25061433530697647,0.14088173691042877,-0.22330510547126461,0
-0.7166800694071581,-0.49794389188654137,0.21065772275547592,0.15131299898471018,-0.45443532867097264,0
-0.5138260875386172,-0.5082918221607425,0.3248594827894122,0.1558553657383862,-0.44642037357081893,0
-0.4390269101182917,-0.512595349558211,0.2831199199983908,0.16205055296477383,-0.43514769534759284,0
-0.6531778796477447,-0.51938848299572,0.16938272827728085,0.1674655626953011,-0.4583028307242988,0
-0.6679900429255475,-0.5286143737659881,0.23226781127379004,0.16915016817710332,-0.4664322069768488,0
-0.646244709345177,-0.5346324205529686,0.2531708754324487,0.1709936987043586,-0.46574659430625326,0
-0.5632211964506747,-0.5383110594482664,0.3111487424813565,0.17374165721755574,-0.45102873763961226,0
-0.5950558385959582,-0.5386458549069577,0.25459976060263595,0.17999752491584364,-0.4505030014951837,0
3.3316326223007384,-0.4023409995850719,0.6872602551051614,0.2704374339637479,-0.22208763857763694,1
3.241108153679185,-0.36763682578538975,0.620086367216112,0.29364626969245383,-0.23529728194299654,1
3.0234374830137627,-0.32895886041364464,0.5460347318858845,0.32418877388224737,-0.43723110462862785,1
2.7779253301488347,-0.29407108219718303,0.5685794797857465,0.363079177277747,-0.4394765289498868,1
1.9596514691004765,-0.2668194500421433,0.4917042942221522,0.4020418193302708,-0.3689147607983314,1
1.739916097029432,-0.2534523334903521,0.4907939495126543,0.4344625286026912,-0.23371946976607713,1
2.21848107447122,-0.24557165804858547,0.6058881355822175,0.4562034748206672,-0.298725705418889,1
2.554699890637114,-0.2298285583249957,0.6095801134742813,0.47345984521058654,0.3733840909329115,1
1.3924210773777146,-0.2211596808384561,0.5002519686531085,0.4860351506253435,0.3651138403969949,1
1.7092696217627612,-0.22037795163488647,0.5163052075898389,0.5027569549532844,-0.4548630671130492,1
2.1714729461752977,-0.21085214198157626,0.439215140204106,0.5250295776869579,-0.46337086983834547,1
0.7285584225270332,-0.18602111928113388,0.2886212783888967,0.5465798138503902,-0.4846383447166232,1
-0.23955876491797262,-0.1654428959996715,0.4881631527611227,0.5622440442394983,-0.47752811476641455,1
0.2236453244398056,-0.17087050578749077,0.59702157550054,0.5677861940063879,-0.482670799220515,1
0.016331031524582477,-0.1873988161864564,0.48767390902355606,0.5723921307782451,-0.4844859275272004,1
1.6589126939788295,-0.19553106801505304,0.4037187903809855,0.5787953653368622,-0.4262434776422686,1
0.028333908239496976,-0.20011053892981215,0.3867536934453054,0.5879927911491718,-0.4354577484171238,1
-0.2720228011357985,-0.20670685897687277,0.37934436742923033,0.5962395562350442,-0.4876712011872941,1
0.06452797642059513,-0.21019066233837028,0.3976017619551114,0.5984702859639487,-0.4754890844094269,1
0.11273129670952067,-0.22726277070302772,0.33513922260209933,0.606150699978752,-0.4776568219433994,1
-0.1470519205074002,-0.2537616578985931,0.2700267763163211,0.624409742928166,-0.48476693902787404,1
-0.21169954494576712,-0.26499221344288654,0.30742727202699005,0.6403773756767752,-0.48444369770601053,1
-0.116881134600804,-0.633170077802477,0.7860082027548871,-0.2540527801329404,-0.3201328991149149,0
-0.14384626176065599,-0.6339534042006293,0.6005813044994653,-0.19958483273676178,-0.32540447692567304,0
0.1856136681108076,-0.6365691156524727,0.5750244948877092,-0.1564150112991539,-0.329193686097597,0
0.6631454877979646,-0.6380342204984676,0.6240823285839323,-0.11735990376563926,-0.33515061244698474,0
-0.061672942947876924,-0.6394425400808584,0.7318753685861489,-0.09142044680142197,-0.329180878730242,0
0.9031278674297203,-0.6401243899028384,0.804922151033451,-0.0702834157561675,-0.32182448830652,0
0.4188888054507127,-0.6400168274918957,0.7084135053488488,-0.04374871225807156,-0.32131907225022593,0
-0.5485612271279849,-0.6392436663569812,0.6175353394841455,-0.007172835433624381,-0.32645243826023,0
-0.6716822229186595,-0.6392639524728824,0.6068152553181252,0.030157212970154505,-0.32741108907329053,0
-0.7587970756927733,-0.6385192220359764,0.6499091944329903,0.0404122127212971,-0.33309884183487015,0
-0.45082022979710407,-0.6373605295334224,0.6656077478086733,0.033433958452768114,-0.3315166102629646,0
-0.08943124284413079,-0.6376324396189119,0.6460419383341368,0.04453848481051424,-0.32712830816525346,0
-0.28263577151419794,-0.638417748631988,0.6872510333091341,0.06871531854334326,-0.32109332212456826,0
-0.5572330649485664,-0.637488359027163,0.7050866015563747,0.0809785529597561,-0.33193597371187966,0
-0.3476779510316405,-0.6367294251369423,0.7862162540105726,0.06865752761772397,-0.32763676631609095,0
-0.35681126050211276,-0.6365792571243313,0.80304127974238,0.05039270557574809,-0.3357000377245854,0
-0.31162079471111537,-0.6353008099220986,0.8098087123851744,0.055356946086444904,-0.3381529174526402,0
-0.36199431340825977,-0.635296738424091,0.7459408758893218,0.07417656101436594,-0.33407647612421787,0
-0.8012059345061042,-0.6350126392220494,0.5577296619927522,0.07984585081761807,-0.3305516998237882,0
-0.8239054466663722,-0.6340203245917241,0.5271440078435136,0.0750231980746885,-0.3321839564586023,0
-0.718906237894397,-0.6340406297407287,0.6911191480227895,0.07424302057882812,-0.3328383558109035,0
-0.4893974115782394,-0.6335617457598289,0.7921539946520405,0.079201481996963,-0.3331065510157067,0
-0.3566639216167852,-0.6328595907888445,0.7586980287844712,0.08554692562996079,-0.31932071604539025,0
1.1724157462522287,-0.6333445637766985,0.6643819385837019,0.11120609660492453,-0.32745366073164806,0
-0.561455746556393,-0.6320661578128561,0.6091130478579045,0.14591821607814967,-0.3235642300971627,0
1.1971439327454798,-0.6296696173034348,0.6806208836190032,0.16012611514165156,-0.3279086724639284,0
0.0850203824503351,-0.6322163401002947,0.7567187856533807,0.1614928705325477,-0.3277544835948485,0
-0.5416612773912441,-0.6350207536684099,0.6775298320178231,0.14859393593432269,-0.32292569846237984,0
-0.6172580916066145,-0.6354489239456486,0.5837296753651179,0.13235468583530285,-0.3275447928163062,0
-0.3908436054885972,-0.6365346038779695,0.7256217197798621,0.12038329559326741,-0.32981673415776713,0
-0.4094330618644145,-0.637125109079084,0.7572730310048322,0.10726186593140814,-0.33587860523438007,0
-0.3521684042142029,-0.637330062293364,0.6478620674350033,0.09518934156953894,-0.2644517118937615,0
0.005808020413766023,-0.6371007927035657,0.5999789728556889,0.10610026832646045,-0.33469062278981204,0
-0.7210024260083322,-0.6364108427100527,0.610031770886353,0.14343320627652031,-0.33425004468101654,0
-0.5954001440897214,-0.6352703617151435,0.7275371956063809,0.16583874813911814,-0.33249477298978686,0
-0.4557754227027589,-0.6340670143801358,0.6843181856586902,0.16081093761024012,-0.2591656951087809,0
-0.2575031195023717,-0.6334744631204197,0.6115569245230857,0.16399810715814384,-0.33269887617630334,0
-0.45060903040445416,-0.6326363705537019,0.7443844627220239,0.1749148130076273,-0.32454055657056874,0
-0.6029612277070822,-0.6324091073702065,0.6924309862319397,0.18847256415791216,-0.327165169593665,0
2.6988598194029363,-0.17723024753309757,2.836956375124651,0.2011258873222552,0.30733205759305837,1
2.517531997573194,-0.13485122385649523,2.836956375124651,0.24908946603998303,0.37412275833356745,1
2.7917098969220273,-0.06692306007919101,2.836956375124651,0.28154196032149403,0.7683921166263782,1
2.8386479383264795,0.020352465707700246,2.836956375124651,0.34836849716135737,0.9339072154410194,1
2.775174968488932,0.08177843606407027,2.836956375124651,0.40789026100294273,0.3498259780705792,1
2.289893667057645,0.12091259319934247,2.8128376049150887,0.41050818993349647,0.2644782103147881,1
1.443347621488421,0.13961825413220436,2.7290797471440147,0.40297803232530327,0.2840433546385635,1
1.0443541837905448,0.14808894784485996,2.635910232100306,0.4053359020905702,0.16195556937201366,1
1.068735112800187,0.15561787567729002,2.639491139317073,0.39579750981710676,0.3565543835579143,1
0.9995529711527003,0.17036428315680252,2.666773033550318,0.3882500149312278,1.2790944318546478,1
0.8104297665043638,0.18990803189810612,2.7094362803384393,0.4118084857599304,1.360464689527278,1
0.8359048466469092,0.19565691571083582,2.836956375124651,0.4255367201407922,0.5397175068775695,1
1.3883270210309235,0.16459917996790355,2.836956375124651,0.40097557675259493,0.042215446118341424,1
1.81118923870543,0.09614229244269695,2.836956375124651,0.36212851655130973,0.027708633099262303,1
1.6893822138340995,0.027934827391467007,2.836956375124651,0.3280896613615493,-0.07640273498627656,1
1.4111682303587267,-0.026662679329450326,2.836956375124651,0.2995640604758689,0.15997532256842642,1
1.204357982924967,-0.0668705572638225,2.836956375124651,0.2735523648546275,0.4348069421135457,1
1.0658405757149645,-0.09546274322315462,2.829076097400698,0.25442067892836234,0.42686353849091946,1
0.9430271241465559,-0.11824516481676632,2.8060652196038975,0.2490836869474211,0.30344604975909284,1
1.1765955145280231,-0.13345035890621826,2.7727299161706966,0.253227296314324,0.5960266003173883,1
1.2725832996115318,-0.14069276716030768,2.73654493818827,0.2620346333787035,1.463863156329353,1
1.2781949094408265,-0.13596865576334544,2.6500736242523466,0.2682067042348434,2.0203344062135624,1
-0.584035143058468,-0.5792142483669057,1.0464253585997056,0.4280015031184548,-0.32949532921915414,0
-0.5662573956661606,-0.576549859753451,1.107819073795206,0.4658487803065263,-0.21360200242856073,0
-0.593485335589542,-0.5749832815034677,1.2189542312864183,0.4723184744296056,-0.19165338710225344,0
-0.6039359864159757,-0.5752612790098194,1.2683943455563396,0.47601709366924,-0.3097095324586645,0
-0.49915949592794734,-0.5755534910721294,1.3362093137132918,0.481778848953483,-0.36171371582788137,0
-0.33199894782697403,-0.5730818649703107,1.4009066169091426,0.4824665609683525,-0.3684511622965078,0
-0.5714124813705035,-0.5709592790188882,1.3367533959303748,0.4847984248170908,-0.3666454432671644,0
-0.7082915530360782,-0.5708294113970058,1.303828493145068,0.48518562401874,-0.35197943542231547,0
-0.6869871005421235,-0.572919547493446,1.3426837710887676,0.4789124190427663,-0.245620817972946,0
-0.732779421848846,-0.5757949878446864,1.218801145522266,0.47163076241473606,-0.2903626444355356,0
-0.4952383305185657,-0.5753526093558572,1.3294035049719073,0.46238999340821196,-0.33238695809756724,0
0.1539157585429736,0.015612661517092322,0.17150756863965902,-0.7940107354716311,-0.32615508361564316,0
-0.599505425139772,-0.027182394075138668,-0.07587382927871815,-0.6745857876793732,-0.5180963197477721,0
-0.4198419457323379,-0.04682762097870661,-0.006907343731440687,-0.6275988756046113,-0.5179351629579724,0
-0.4496152604965617,-0.06775936512029349,-0.007609429358208954,-0.5989056810346349,-0.5172334157096923,0
-0.6355264404708544,-0.08625600927132729,-0.11034716680809638,-0.5559467964755374,-0.5194129473492591,0
-0.6802932943924542,-0.10242510632619911,-0.10863352495188293,-0.5143575568536171,-0.5261394439934606,0
-0.6808398920491752,-0.1177175465749456,-0.11480737685494243,-0.4812317982886413,-0.5351622548268453,0
-0.6427596761642309,-0.13296130173162093,-0.10161231686057616,-0.45320897845584873,-0.5350477328322858,0
-0.4981070660405822,-0.14744815319575774,-0.08845259556275324,-0.42346398903960136,-0.522412140710174,0
-0.5117728287043004,-0.16036636766257434,-0.08845768678249732,-0.3867638617250727,-0.5220489762023865,0
-0.6011388279919611,-0.1719107981128822,0.0010003780921637618,-0.34995682119814836,-0.5292529302412824,0
-0.5997015515184874,-0.17994236165300012,0.02884229050073941,-0.32030429726289184,-0.5208041984328888,0
-0.6207499558469272,-0.18570071919288195,-0.02598938273277758,-0.2987482820068975,-0.5202587926199232,0
-0.6079963786794584,-0.19397150346362438,0.03073037624785652,-0.2795385783310463,-0.5200920023811482,0
-0.6319573123112767,-0.20325736595620206,0.007589410880662382,-0.25832641908248677,-0.5188591637704127,0
-0.5977079355265557,-0.2149885063913061,-0.016424344860531927,-0.24265352005453594,-0.5256384074314285,0
-0.44393048876305025,-0.22377314479802177,0.06648955312370053,-0.3138346031398126,-0.5126567323941331,0
-0.5564337735173555,-0.23423191910738764,0.0736132833688316,-0.358180469913773,-0.5205715062580618,0
-0.6940579081631303,-0.2486599091135722,0.0005765438253464821,-0.3122944749720586,-0.5343568136127996,0
-0.6767856024095754,-0.2586134036999876,-0.02177029099907128,-0.28875623096732267,-0.518364484477966,0
-0.6714162441450625,-0.26717483138811227,-0.06608856796866451,-0.26438001854110715,-0.507852555802459,0
-0.6768182293357704,-0.2738003609043235,-0.11324110079549347,-0.23769505863640106,-0.5005036916031126,0
-0.6764035289564642,-0.27815110150054356,-0.10287805830024876,-0.2142348323812512,-0.5077571313672307,0
-0.5970102791021569,-0.27775944464583524,-0.07436112998832847,-0.20034767295493638,-0.5351622548268453,0
-0.6528515358171333,-0.27476627503432227,-0.13196672162261344,-0.18785038528976541,-0.5351622548268453,0
-0.5963382809305551,-0.2769984456639098,-0.023662235226458838,-0.17090897544447123,-0.4532003740137685,0
-0.4107419778152252,-0.28396284848118786,0.0779730684526229,-0.15268460705042886,-0.4332632892128815,0
-0.6378833746223179,-0.2946631243213866,-0.12792306324647573,-0.1278547358581019,-0.5041274255963366,0
-0.6668856288587311,-0.30428788390641015,-0.14209892347508754,-0.10081436176083719,-0.5122175026052268,0
-0.5599462835680744,-0.3088293393695725,0.017337428884562,-0.09020683736341693,-0.5351622548268453,0
-0.5527183258665205,-0.31168449043272795,0.061325658427866615,-0.08880829696343018,-0.5351622548268453,0
-0.6517613615498097,-0.3139329248490591,0.03583757029813283,-0.07552216316355594,-0.5312277869479562,0
-0.6440360199408313,-0.3174618160461097,0.08988727953664664,-0.05991283415378633,-0.5351622548268453,0
-0.6289013590194161,-0.32305644924557686,0.14422865199292123,-0.04418503374649718,-0.5351622548268453,0
-0.6538835698167474,-0.3293369799736527,-0.01457537091787504,-0.027861986805329374,-0.5351622548268453,0
3.131299138163493,-0.334083415614658,0.21291154963011721,-0.06317513190499512,0.019139030608149834,0
0.3899883199494607,-0.33829615986780753,0.353832393282612,-0.11841747770447222,0.10756698154304337,0
-0.060773462597654246,-0.34129742965085347,0.16758689702927632,-0.12478314816143676,-0.1861892732578442,0
-0.5532477134621699,-0.35735403630712786,0.030732004605113383,-0.12924460761924578,-0.5138817586526706,0
0.9265931305225836,-0.356887293860022,0.3359548243649809,-0.159813117725568,-0.34527146982903073,0
0.6743984218155662,-0.35675539128218176,0.24748538689774463,-0.19290998082773406,-0.3577603912754027,0
-0.47461315320060665,-0.35797095152512065,-0.052703067408437665,-0.18718578964514362,-0.49318246200828764,0
-0.7384994928516297,-0.35825300784074454,-0.13644220509288674,-0.17492544477501173,-0.5351622548268453,0
-0.7456180817015343,-0.35886988499253075,-0.07697291117301706,-0.17495145069154042,-0.5351622548268453,0
-0.5935398054964471,-0.360022502762958,0.04304714144924729,-0.1747809674609635,-0.5351622548268453,0
-0.4379712239990433,-0.361794038985497,0.041818879467340114,-0.17954582927827378,-0.5167558776201201,0
-0.507880015473304,-0.361858979933852,0.0329403700876881,-0.19206912285997343,-0.482481028440391,0
-0.6083703607572619,-0.36132528378772055,0.04704586491324802,-0.19950103589461382,-0.5034879758306451,0
-0.6805293915105584,-0.3621430775498015,0.0033855335182657077,-0.20029277157559805,-0.5320749345224982,0
1.5557295863473277,-0.3494054158588737,1.652900937722378,0.13318109607165868,-0.5061581558967859,1
1.3288066136851218,-0.3474492172962317,1.3029552243474047,0.20005097610573647,-0.5216889282428444,1
1.3645968200404939,-0.34650764967749836,1.3381979333021081,0.24191472262434846,-0.35174400436433045,1
1.404640226285027,-0.3402839153156702,1.4558382453052903,0.29284875491890766,-0.38256643989594297,1
1.0914269336639841,-0.3416171318586522,1.3578227138063679,0.3371454994060917,-0.29515238496874724,1
1.143902890161761,-0.34915175693332756,1.3193699190926493,0.34352561759446104,-0.30685473579126865,1
1.5718310994326994,-0.35150975540862855,1.342586535106373,0.3709763072636227,-0.48623231276816203,1
1.3160534703748346,-0.3561181994648393,1.0769571620555174,0.43103841625974837,-0.17313506862528305,1
0.8088790052037864,-0.3598378277341196,1.079101667081002,0.4208787715358776,0.001433243845630531,1
1.309443913625923,-0.3547626602639062,1.264360539796359,0.4076908823095562,-0.38896553856524096,1
0.88108791455786,-0.3559984749009075,1.0197896749674233,0.4325207535018831,-0.4594502615686898,1
-0.06862071791932281,-0.3640647595796645,0.6849926647515664,0.398776632032781,-0.3445380169455638,1
0.04644337978325285,-0.3627984967357082,1.146265731139442,0.35186195861504327,-0.2700900913524388,1
0.7235098776076752,-0.3589936667796428,1.8587989474274025,0.3654919484223523,-0.43410015141426184,1
1.133275528540034,-0.357520430040276,2.073836795035735,0.39781730266750087,-0.40686209530058975,1
0.6877917659944517,-0.35513743951429044,1.6953423200774589,0.42616664123004244,-0.41877119051583533,1
0.41431234778062165,-0.33282116241112364,1.417915084876281,0.4416748361199783,-0.37804511291158793,1
0.4783878340025777,-0.31126038530912925,1.7912577233155238,0.465715861177602,-0.33887859818089183,1
0.4054696526485476,-0.32283728147533874,2.1139470648282304,0.5000118859863683,-0.3325685578137701,1
0.5089881164198323,-0.33210286578247494,2.191431727998405,0.5381538968950982,-0.32994320993347614,1
0.4598389285226208,-0.33090965674714196,2.1720762592426377,0.5764403851178762,-0.2675923245895231,1
0.3656202282030135,-0.3338662828003778,1.942910283458729,0.5828118346674027,-0.1116318334095969,1
0.3265471500763554,-0.338221077447594,1.6856196585179697,0.5933413413152369,-0.15494887713223807,1
